,ingredient,red_meat,poultry,fish,seafood,egg,vegetables,fruits,dairy
0,maitake mushrooms,0,0,0,0,0,1,0,0
1,america,0,0,0,0,0,0,0,0
2,shiro miso,0,0,0,0,0,0,0,0
3,hash brown,0,0,0,0,0,0,0,0
4,jicama,0,0,0,0,0,0,0,0
5,salt water,0,0,0,0,0,0,0,0
6,porcini,0,0,0,0,0,1,0,0
7,rub,0,0,0,0,0,0,0,0
8,cooking apples,0,0,0,0,0,0,0,0
9,crème de cacao,0,0,0,0,0,0,0,0
10,black beans,0,0,0,0,0,1,0,0
11,peppermint extract,0,0,0,0,0,0,0,0
12,kielbasa,0,0,0,0,0,0,0,0
13,soppressata,0,0,0,0,0,0,0,0
14,chocolate,0,0,0,0,0,0,0,0
15,cajeta,0,0,0,0,0,0,0,0
16,hazelnut,0,0,0,0,0,0,0,0
17,casing,0,0,0,0,0,0,0,0
18,cheese ravioli,0,0,0,0,0,0,0,1
19,crème fraîche,0,0,0,0,0,0,0,0
20,celery root,0,0,0,0,0,1,0,0
21,brioche buns,0,0,0,0,0,0,0,0
22,rotini,0,0,0,0,0,0,0,0
23,greek feta,0,0,0,0,0,0,0,0
24,parsley,0,0,0,0,0,1,0,0
25,scone,0,0,0,0,0,0,0,0
26,yam,0,0,0,0,0,0,0,0
27,sweet rice,0,0,0,0,0,0,0,0
28,marrow bones,0,0,0,0,0,0,0,0
29,chipotle peppers,0,0,0,0,0,1,0,0
30,corkscrew pasta,0,0,0,0,0,0,0,0
31,rum raisin ice cream,0,0,0,0,0,0,1,0
32,papad,0,0,0,0,0,0,0,0
33,piecrust,0,0,0,0,0,0,0,0
34,poultry,0,0,0,0,0,0,0,0
35,graham cracker pie crust,0,0,0,0,0,0,0,0
36,fideos,0,0,0,0,0,0,0,0
37,deli ham,1,0,0,0,0,0,0,0
38,haricots verts,0,0,0,0,0,0,0,0
39,bamboo,0,0,0,0,0,0,0,0
40,bouillon,0,0,0,0,0,0,0,0
41,anisette,0,0,0,0,0,0,0,0
42,rice crackers,0,0,0,0,0,0,0,0
43,hoisin sauce,0,0,0,0,0,0,0,0
44,green cabbage,0,0,0,0,0,1,0,0
45,snapper,0,0,1,0,0,0,0,0
46,link,0,0,0,0,0,0,0,0
47,asian eggplants,0,0,0,0,0,0,0,0
48,clover honey,0,0,0,0,0,0,0,0
49,chicory,0,0,0,0,0,0,0,0
50,prune,0,0,0,0,0,0,0,0
51,baby zucchini,0,0,0,0,0,1,0,0
52,manzanilla,0,0,0,0,0,0,0,0
53,rainbow trout,0,0,1,0,0,0,0,0
54,candied ginger,0,0,0,0,0,1,1,0
55,canola,0,0,0,0,0,0,0,0
56,kidney beans,0,0,0,0,0,1,0,0
57,marzipan,0,0,0,0,0,0,0,0
58,cherrystone clams,0,0,0,0,0,0,0,0
59,beef ribs,1,0,0,0,0,0,0,0
60,mint chocolate chip ice cream,0,0,0,0,0,0,0,0
61,fruitcake,0,0,0,0,0,0,0,0
62,chow mein noodles,0,0,0,0,0,0,0,0
63,virginia ham,1,0,0,0,0,0,0,0
64,hemp seeds,0,0,0,0,0,0,0,0
65,pickle,0,0,0,0,0,0,0,0
66,cinnamon graham crackers,0,0,0,0,0,0,0,0
67,shanghai noodles,0,0,0,0,0,0,0,0
68,peach,0,0,0,0,0,0,1,0
69,sweet potatoes yams,0,0,0,0,0,1,0,0
70,chinese rock sugar,0,0,0,0,0,0,0,0
71,salad dressing,0,0,0,0,0,0,0,0
72,candied lemon peel,0,0,0,0,0,0,1,0
73,feta,0,0,0,0,0,0,0,0
74,parsley root,0,0,0,0,0,1,0,0
75,fino sherry,0,0,0,0,0,0,0,0
76,vidalia,0,0,0,0,0,0,0,0
77,coleslaw dressing,0,0,0,0,0,0,0,0
78,tomato juice,0,0,0,0,0,1,1,0
79,peppercorn,0,0,0,0,0,0,0,0
80,dill pickles,0,0,0,0,0,0,0,0
81,crispy rice cereal,0,0,0,0,0,0,0,0
82,popcorn,0,0,0,0,0,0,0,0
83,garlic bread,0,0,0,0,0,1,0,0
84,scallop,0,0,0,0,0,0,0,0
85,water crackers,0,0,0,0,0,0,0,0
86,peanut brittle,0,0,0,0,0,0,0,0
87,custard powder,0,0,0,0,0,0,0,1
88,lemon dressing,0,0,0,0,0,0,1,0
89,beef soup bones,1,0,0,0,0,0,0,0
90,beef marrow,1,0,0,0,0,0,0,0
91,roll,0,0,0,0,0,0,0,0
92,guinea hens,0,0,0,0,0,0,0,0
93,vanilla flavoring,0,0,0,0,0,0,0,0
94,galliano,0,0,0,0,0,0,0,0
95,rice paper,0,0,0,0,0,0,0,0
96,coconut flour,0,0,0,0,0,0,1,0
97,peanut,0,0,0,0,0,0,0,0
98,ricotta cheese,0,0,0,0,0,0,0,1
99,black radish,0,0,0,0,0,1,0,0
100,durum wheat flour,0,0,0,0,0,0,0,0
101,gingersnap,0,0,0,0,0,0,0,0
102,canola oil spray,0,0,0,0,0,0,0,0
103,steak sauce,0,0,0,0,0,0,0,0
104,split lentils,0,0,0,0,0,0,0,0
105,aged vinegar,0,0,0,0,0,0,0,0
106,kalamata,0,0,0,0,0,0,0,0
107,hamburger,0,0,0,0,0,0,0,0
108,yellow lentils,0,0,0,0,0,0,0,0
109,strawberry preserves,0,0,0,0,0,0,1,0
110,lemon wedge,0,0,0,0,0,0,1,0
111,cardoon,0,0,0,0,0,0,0,0
112,sucanat,0,0,0,0,0,0,0,0
113,smoked,0,0,0,0,0,0,0,0
114,tostada,0,0,0,0,0,0,0,0
115,dried coconut,0,0,0,0,0,0,1,0
116,cream cheese spread,0,0,0,0,0,0,0,1
117,pickled garlic,0,0,0,0,0,1,0,0
118,baby spinach,0,0,0,0,0,1,0,0
119,calvados,0,0,0,0,0,0,0,0
120,blood orange juice,0,0,0,0,0,0,0,0
121,leaf,0,0,0,0,0,0,0,0
122,ponzu,0,0,0,0,0,0,0,0
123,juice concentrate,0,0,0,0,0,0,0,0
124,linguine,0,0,0,0,0,0,0,0
125,crawfish,0,0,0,0,0,0,0,0
126,dried pappardelle,0,0,0,0,0,0,0,0
127,stewed tomatoes,0,0,0,0,0,0,0,0
128,thyme sprigs,0,0,0,0,0,0,0,0
129,pernod,0,0,0,0,0,0,0,0
130,shrimp paste,0,0,0,1,0,0,0,0
131,champagne,0,0,0,0,0,0,0,0
132,phyllo dough,0,0,0,0,0,0,0,0
133,green grape,0,0,0,0,0,0,0,0
134,baby lima beans,0,0,0,0,0,1,0,0
135,low sodium vegetable broth,0,0,0,0,0,0,0,0
136,lobster,0,0,0,1,0,0,0,0
137,wing sauce,0,0,0,0,0,0,0,0
138,clarified butter,0,0,0,0,0,0,0,0
139,roasted garlic,0,0,0,0,0,1,0,0
140,egg roll wrappers,0,0,0,0,1,0,0,0
141,masa harina,0,0,0,0,0,0,0,0
142,suet,0,0,0,0,0,0,0,0
143,gingersnap cookies,0,0,0,0,0,0,0,0
144,pineapple syrup,0,0,0,0,0,0,1,0
145,mandarin orange segments,0,0,0,0,0,0,1,0
146,rice stick noodles,0,0,0,0,0,0,0,0
147,vinegar,0,0,0,0,0,0,0,0
148,budweiser,0,0,0,0,0,0,0,0
149,salad,0,0,0,0,0,0,0,0
150,mincemeat,0,0,0,0,0,0,0,0
151,orzo,0,0,0,0,0,0,0,0
152,orange segments,0,0,0,0,0,0,0,0
153,lamb stock,1,0,0,0,0,0,0,0
154,granulated garlic,0,0,0,0,0,1,0,0
155,veal for stew,1,0,0,0,0,0,0,0
156,toasted pine nuts,0,0,0,0,0,0,0,0
157,sweet peas,0,0,0,0,0,1,0,0
158,spring roll skins,0,0,0,0,0,0,0,0
159,honeydew melon,0,0,0,0,0,0,0,0
160,thyme leaves,0,0,0,0,0,0,0,0
161,amontillado sherry,0,0,0,0,0,0,0,0
162,silken tofu,0,0,0,0,0,0,0,0
163,soft goat cheese,0,0,0,0,0,0,0,1
164,acini di pepe,0,0,0,0,0,0,0,0
165,dried mango,0,0,0,0,0,0,1,0
166,caraway seeds,0,0,0,0,0,0,0,0
167,osetra caviar,0,0,1,0,0,0,0,0
168,twist,0,0,0,0,0,0,0,0
169,spring roll wrappers,0,0,0,0,0,0,0,0
170,amaretto,0,0,0,0,0,0,0,0
171,whiskey,0,0,0,0,0,0,0,0
172,pickled radish,0,0,0,0,0,1,0,0
173,salted dry peanuts,0,0,0,0,0,0,0,0
174,spring rolls,0,0,0,0,0,0,0,0
175,beef shin,1,0,0,0,0,0,0,0
176,lemon soda,0,0,0,0,0,0,1,0
177,turkey cutlets,1,1,0,0,0,0,0,0
178,bread,0,0,0,0,0,0,0,0
179,spaghetti squash,0,0,0,0,0,1,0,0
180,barramundi,0,0,1,0,0,0,0,0
181,peach schnapps,0,0,0,0,0,0,1,0
182,carrot juice,0,0,0,0,0,1,0,0
183,baked tortilla chips,0,0,0,0,0,0,0,0
184,half-and-half,0,0,0,0,0,0,0,0
185,szechwan peppercorns,0,0,0,0,0,0,0,0
186,splenda,0,0,0,0,0,0,0,0
187,beef bouillon,1,0,0,0,0,0,0,0
188,buffalo mozzarella,0,0,0,0,0,0,0,0
189,hass avocado,0,0,0,0,0,1,1,0
190,veal shanks,1,0,0,0,0,0,0,0
191,foot,0,0,0,0,0,0,0,0
192,pale ale,0,0,0,0,0,0,0,0
193,tomato,0,0,0,0,0,1,1,0
194,shell pasta,0,0,0,0,0,0,0,0
195,strawberry compote,0,0,0,0,0,0,1,0
196,roasting chickens,0,0,0,0,0,0,0,0
197,apple brandy,0,0,0,0,0,0,1,0
198,cara cara orange,0,0,0,0,0,0,0,0
199,soy,0,0,0,0,0,0,0,0
200,scrod,0,0,0,0,0,0,0,0
201,apricot brandy,0,0,0,0,0,0,1,0
202,mint extract,0,0,0,0,0,0,0,0
203,turkey,1,1,0,0,0,0,0,0
204,lemongrass,0,0,0,0,0,1,0,0
205,cherry tomatoes,0,0,0,0,0,0,1,0
206,lobster meat,1,0,0,1,0,0,0,0
207,crumb crust,0,0,0,0,0,0,0,0
208,honey,0,0,0,0,0,0,0,0
209,sumac,0,0,0,0,0,0,0,0
210,stem ginger in syrup,0,0,0,0,0,1,1,0
211,apricot jam,0,0,0,0,0,0,1,0
212,fish,0,0,1,0,0,0,0,0
213,karo,0,0,0,0,0,0,0,0
214,onion flakes,0,0,0,0,0,1,0,0
215,muffin,0,0,0,0,0,0,0,0
216,porterhouse,0,0,0,0,0,0,0,0
217,seed dressing,0,0,0,0,0,0,0,0
218,pear,0,0,0,0,0,0,1,0
219,dijon mustard,0,0,0,0,0,0,0,0
220,pullman loaf,0,0,0,0,0,0,0,0
221,peanut butter,0,0,0,0,0,0,0,0
222,pumpernickel,0,0,0,0,0,0,0,0
223,blackberry jam,0,0,0,0,0,0,1,0
224,duck fat,0,1,0,0,0,0,0,0
225,sugar in the raw,0,0,0,0,0,0,0,0
226,green split peas,0,0,0,0,0,1,0,0
227,oatmeal,0,0,0,0,0,0,0,0
228,buckwheat honey,0,0,0,0,0,0,0,0
229,spanish olives,0,0,0,0,0,0,0,0
230,crouton,0,0,0,0,0,0,0,0
231,sweet miso,0,0,0,0,0,0,0,0
232,clementine juice,0,0,0,0,0,0,1,0
233,truffle,0,0,0,0,0,0,0,0
234,potato rolls,0,0,0,0,0,1,0,0
235,onion powder,0,0,0,0,0,1,0,0
236,brisket,0,0,0,0,0,0,0,0
237,stevia extract,0,0,0,0,0,0,0,0
238,allspice,0,0,0,0,0,0,0,0
239,strip loin,0,0,0,0,0,0,0,0
240,peanut oil,0,0,0,0,0,0,0,0
241,filo dough,0,0,0,0,0,0,0,0
242,bacon,1,0,0,0,0,0,0,0
243,marinade,0,0,0,0,0,0,0,0
244,bartlett pears,0,0,0,0,0,0,0,0
245,aioli,0,0,0,0,0,0,0,0
246,mutton,1,0,0,0,0,0,0,0
247,chicken bones,0,1,0,0,0,0,0,0
248,candied orange peel,0,0,0,0,0,0,0,0
249,caper,0,0,0,0,0,0,0,0
250,baby kale,0,0,0,0,0,1,0,0
251,bacon drippings,1,0,0,0,0,0,0,0
252,meat,1,0,0,0,0,0,0,0
253,friselle,0,0,0,0,0,0,0,0
254,beef stew meat,1,0,0,0,0,0,0,0
255,liver,0,0,0,0,0,0,0,0
256,raspberry liqueur,0,0,0,0,0,0,1,0
257,sage,0,0,0,0,0,0,0,0
258,fermented paste,0,0,0,0,0,0,0,0
259,cherry juice,0,0,0,0,0,0,1,0
260,hoja santa,0,0,0,0,0,0,0,0
261,cooked steak,0,0,0,0,0,0,0,0
262,amaretti,0,0,0,0,0,0,0,0
263,mild curry powder,0,0,0,0,0,0,0,0
264,maraschino,0,0,0,0,0,0,0,0
265,butter lettuce,0,0,0,0,0,1,0,0
266,gruyère,0,0,0,0,0,0,0,0
267,lime peel,0,0,0,0,0,0,1,0
268,picholine,0,0,0,0,0,0,0,0
269,baby portobello mushrooms,0,0,0,0,0,1,0,0
270,raisin,0,0,0,0,0,0,1,0
271,cooking wine,0,0,0,0,0,0,0,0
272,chocolate drink,0,0,0,0,0,0,0,0
273,tapioca flour,0,0,0,0,0,0,0,0
274,ciabatta rolls,0,0,0,0,0,0,0,0
275,jaggery,0,0,0,0,0,0,0,0
276,medjool date,0,0,0,0,0,0,1,0
277,pomegranate,0,0,0,0,0,0,1,0
278,savoy cabbage,0,0,0,0,0,1,0,0
279,ripe olives,0,0,0,0,0,0,0,0
280,cooked vegetables,0,0,0,0,0,0,0,0
281,herb seasoning,0,0,0,0,0,0,0,0
282,dry mustard,0,0,0,0,0,0,0,0
283,green tea leaves,0,0,0,0,0,0,0,0
284,pickle spears,0,0,0,0,0,0,0,0
285,seville orange juice,0,0,0,0,0,0,1,0
286,liquid,0,0,0,0,0,0,0,0
287,walnut,0,0,0,0,0,0,0,0
288,jasmine rice,0,0,0,0,0,0,0,0
289,farina,0,0,0,0,0,0,0,0
290,blackberry brandy,0,0,0,0,0,0,1,0
291,glace de,0,0,0,0,0,0,0,0
292,sturgeon,0,0,1,0,0,0,0,0
293,soybeans,0,0,0,0,0,0,0,0
294,ruby port,0,0,0,0,0,0,0,0
295,cooked chicken,0,1,0,0,0,0,0,0
296,steamer,0,0,0,0,0,0,0,0
297,crookneck squash,0,0,0,0,0,1,0,0
298,sweet basil,0,0,0,0,0,0,0,0
299,caramel ice cream topping,0,0,0,0,0,0,0,0
300,side pork,1,0,0,0,0,0,0,0
301,oloroso sherry,0,0,0,0,0,0,0,0
302,vanilla wafers,0,0,0,0,0,0,0,0
303,pot roast,0,0,0,0,0,0,0,0
304,black onion seeds,0,0,0,0,0,1,0,0
305,smoked turkey,1,1,0,0,0,0,0,0
306,dried barberries,0,0,0,0,0,0,0,0
307,cider,0,0,0,0,0,0,0,0
308,frond,0,0,0,0,0,0,0,0
309,evaporated skim milk,0,0,0,0,0,0,0,1
310,guava,0,0,0,0,0,0,1,0
311,salmon roe,0,0,1,0,0,0,0,0
312,vanilla beans,0,0,0,0,0,1,0,0
313,glaze,0,0,0,0,0,0,0,0
314,seltzer water,0,0,0,0,0,0,0,0
315,black rice vinegar,0,0,0,0,0,0,0,0
316,brussels sprouts,0,0,0,0,0,0,0,0
317,garlic salt,0,0,0,0,0,1,0,0
318,tripe,0,0,0,0,0,0,0,0
319,sauce,0,0,0,0,0,0,0,0
320,relish,0,0,0,0,0,0,0,0
321,flavored vodka,0,0,0,0,0,0,0,0
322,mixed berries,0,0,0,0,0,0,1,0
323,kumquat,0,0,0,0,0,0,1,0
324,soba noodles,0,0,0,0,0,0,0,0
325,rock salt,0,0,0,0,0,0,0,0
326,campanelle,0,0,0,0,0,0,0,0
327,canned black beans,0,0,0,0,0,1,0,0
328,lo mein noodles,0,0,0,0,0,0,0,0
329,hot smoked,0,0,0,0,0,0,0,0
330,black mission figs,0,0,0,0,0,0,0,0
331,kabocha squash,0,0,0,0,0,1,0,0
332,grapefruit,0,0,0,0,0,0,1,0
333,tangerine,0,0,0,0,0,0,1,0
334,nuoc mam,0,0,0,0,0,0,0,0
335,turkey broth,1,1,0,0,0,0,0,0
336,spicy mayonnaise,0,0,0,0,0,0,0,0
337,thai jasmine rice,0,0,0,0,0,0,0,0
338,lavash,0,0,0,0,0,0,0,0
339,fontina cheese,0,0,0,0,0,0,0,1
340,bartlett pear,0,0,0,0,0,0,1,0
341,butterscotch sauce,0,0,0,0,0,0,0,0
342,chocolate extract,0,0,0,0,0,0,0,0
343,asian noodles,0,0,0,0,0,0,0,0
344,baby beets,0,0,0,0,0,0,0,0
345,turkey stock,1,1,0,0,0,0,0,0
346,aleppo pepper,0,0,0,0,0,1,0,0
347,dripping,0,0,0,0,0,0,0,0
348,green papaya,0,0,0,0,0,0,1,0
349,serrano ham,1,0,0,0,0,0,0,0
350,anjou pears,0,0,0,0,0,0,0,0
351,spice cake mix,0,0,0,0,0,0,0,0
352,sambuca,0,0,0,0,0,0,0,0
353,hen of the woods,0,0,0,0,0,0,0,0
354,pepper jack,0,0,0,0,0,1,0,0
355,cinnamon ice cream,0,0,0,0,0,0,0,0
356,chorizo,0,0,0,0,0,0,0,0
357,bisquick,0,0,0,0,0,0,0,0
358,chicken cutlet,0,1,0,0,0,0,0,0
359,green cardamom pods,0,0,0,0,0,0,0,0
360,frozen shelled edamame,0,0,0,0,0,1,0,0
361,dried pear,0,0,0,0,0,0,1,0
362,paella rice,0,0,0,0,0,0,0,0
363,dungeness crabs,0,0,0,1,0,0,0,0
364,chipotles in adobo,0,0,0,0,0,0,0,0
365,mandarin orange juice,0,0,0,0,0,0,1,0
366,chinese rice wine,0,0,0,0,0,0,0,0
367,glass noodles,0,0,0,0,0,0,0,0
368,veal shoulder,1,0,0,0,0,0,0,0
369,broiler,0,0,0,0,0,0,0,0
370,toasted peanuts,0,0,0,0,0,0,0,0
371,seasoned croutons,0,0,0,0,0,0,0,0
372,bittersweet chocolate,0,0,0,0,0,0,0,0
373,piloncillo,0,0,0,0,0,0,0,0
374,treviso radicchio,0,0,0,0,0,1,0,0
375,guacamole,0,0,0,0,0,0,0,0
376,worcestershire sauce,0,0,0,0,0,0,0,0
377,veal scallops,1,0,0,1,0,0,0,0
378,black grapes,0,0,0,0,0,0,1,0
379,mission figs,0,0,0,0,0,0,0,0
380,guava paste,0,0,0,0,0,0,1,0
381,rice cakes,0,0,0,0,0,0,0,0
382,kefir,0,0,0,0,0,0,0,1
383,goose,0,0,0,0,0,0,0,0
384,chocolate chips,0,0,0,0,0,0,0,0
385,dijon,0,0,0,0,0,0,0,0
386,frangipane,0,0,0,0,0,0,0,0
387,meat stock,1,0,0,0,0,0,0,0
388,sloe gin,0,0,0,0,0,0,0,0
389,garland chrysanthemum,0,0,0,0,0,0,0,0
390,juice,0,0,0,0,0,0,0,0
391,coca-cola,0,0,0,0,0,0,0,0
392,refrigerated buttermilk biscuits,0,0,0,0,0,0,0,0
393,loin,0,0,0,0,0,0,0,0
394,cone,0,0,0,0,0,0,0,0
395,pesto,0,0,0,0,0,0,0,0
396,demi-glace,0,0,0,0,0,0,0,0
397,rolled oats,0,0,0,0,0,0,0,0
398,chipotle chile powder,0,0,0,0,0,1,0,0
399,sorbet,0,0,0,0,0,0,0,0
400,nama shoyu,0,0,0,0,0,0,0,0
401,dry milk,0,0,0,0,0,0,0,1
402,molasses,0,0,0,0,0,0,0,0
403,pork shanks,1,0,0,0,0,0,0,0
404,pineapple juice,0,0,0,0,0,0,1,0
405,peeled tomatoes,0,0,0,0,0,0,0,0
406,crosswise,0,0,0,0,0,0,0,0
407,schnapps,0,0,0,0,0,0,0,0
408,powdered buttermilk,0,0,0,0,0,0,0,0
409,barbecue rub,0,0,0,0,0,0,0,0
410,pitted date,0,0,0,0,0,0,1,0
411,penne rigate,0,0,0,0,0,0,0,0
412,turkey legs,1,1,0,0,0,0,0,0
413,pepper,0,0,0,0,0,1,0,0
414,gruyère cheese,0,0,0,0,0,0,0,1
415,pistachio nuts,0,0,0,0,0,0,0,0
416,sesame,0,0,0,0,0,0,0,0
417,milk chocolate,0,0,0,0,0,0,0,1
418,dried cascabel chile,0,0,0,0,0,0,0,0
419,water,0,0,0,0,0,0,0,0
420,legume,0,0,0,0,0,0,0,0
421,caramel,0,0,0,0,0,0,0,0
422,burger rolls,0,0,0,0,0,0,0,0
423,sofrito,0,0,0,0,0,0,0,0
424,sub rolls,0,0,0,0,0,0,0,0
425,ouzo,0,0,0,0,0,0,0,0
426,plum sauce,0,0,0,0,0,0,1,0
427,candied fruit,0,0,0,0,0,0,0,0
428,cactus,0,0,0,0,0,0,0,0
429,sole,0,0,1,0,0,0,0,0
430,star anise,0,0,0,0,0,0,0,0
431,coarse salt,0,0,0,0,0,0,0,0
432,rosemary,0,0,0,0,0,0,0,0
433,topping,0,0,0,0,0,0,0,0
434,rye,0,0,0,0,0,0,0,0
435,millet,0,0,0,0,0,0,0,0
436,salami,1,0,0,0,0,0,0,0
437,canned snails,0,0,0,0,0,0,0,0
438,seedless green grape,0,0,0,0,0,0,0,0
439,currant jelly,0,0,0,0,0,0,1,0
440,dukkah,0,0,0,0,0,0,0,0
441,coconut milk,0,0,0,0,0,0,1,0
442,hominy,0,0,0,0,0,0,0,0
443,salmon caviar,0,0,1,0,0,0,0,0
444,blueberry,0,0,0,0,0,0,1,0
445,baby potatoes,0,0,0,0,0,0,0,0
446,ramp,0,0,0,0,0,0,0,0
447,pasilla,0,0,0,0,0,0,0,0
448,soybean oil,0,0,0,0,0,0,0,0
449,chipotle salsa,0,0,0,0,0,1,0,0
450,alfalfa sprouts,0,0,0,0,0,0,0,0
451,udon,0,0,0,0,0,0,0,0
452,sunflower seeds,0,0,0,0,0,0,0,0
453,dried apricot,0,0,0,0,0,0,1,0
454,broccolini,0,0,0,0,0,0,0,0
455,shiso,0,0,0,0,0,0,0,0
456,bran,0,0,0,0,0,0,0,0
457,hibiscus flowers,0,0,0,0,0,0,0,0
458,soy nuts,0,0,0,0,0,0,0,0
459,couscous,0,0,0,0,0,0,0,0
460,floret,0,0,0,0,0,0,0,0
461,safflower,0,0,0,0,0,0,0,0
462,chinese celery cabbage,0,0,0,0,0,1,0,0
463,avocado leaves,0,0,0,0,0,1,1,0
464,beef jerky,1,0,0,0,0,0,0,0
465,mixed vegetables,0,0,0,0,0,0,0,0
466,mostaccioli,0,0,0,0,0,0,0,0
467,cabbage leaves,0,0,0,0,0,1,0,0
468,french onion soup,0,0,0,0,0,1,0,0
469,yogurt,0,0,0,0,0,0,0,1
470,lemon juice,0,0,0,0,0,0,1,0
471,root vegetables,0,0,0,0,0,0,0,0
472,chopped spinach,0,0,0,0,0,1,0,0
473,yellowfin tuna,0,0,1,0,0,0,0,0
474,potato,0,0,0,0,0,1,0,0
475,duck liver,0,1,0,0,0,0,0,0
476,bourbon whiskey,0,0,0,0,0,0,0,0
477,semisweet chocolate,0,0,0,0,0,0,0,0
478,picante sauce,0,0,0,0,0,0,0,0
479,lamb loin chops,1,0,0,0,0,0,0,0
480,firm tofu,0,0,0,0,0,0,0,0
481,lemonade,0,0,0,0,0,0,0,0
482,wonton skins,0,0,0,0,0,0,0,0
483,custard,0,0,0,0,0,0,0,1
484,mole sauce,0,0,0,0,0,0,0,0
485,chicken strips,0,1,0,0,0,0,0,0
486,swiss chard,0,0,0,0,0,0,0,0
487,macaroni,0,0,0,0,0,0,0,0
488,seitan,0,0,0,0,0,0,0,0
489,corn tortillas,0,0,0,0,0,1,0,0
490,toasted baguette,0,0,0,0,0,0,0,0
491,curry powder,0,0,0,0,0,0,0,0
492,perciatelli,0,0,0,0,0,0,0,0
493,brioche,0,0,0,0,0,0,0,0
494,veal knuckle,1,0,0,0,0,0,0,0
495,chocolate glaze,0,0,0,0,0,0,0,0
496,pickling cucumbers,0,0,0,0,0,0,0,0
497,tea bags,0,0,0,0,0,0,0,0
498,bucatini,0,0,0,0,0,0,0,0
499,pitted black olives,0,0,0,0,0,0,0,0
500,veal loin chops,1,0,0,0,0,0,0,0
501,cilantro sprigs,0,0,0,0,0,0,0,0
502,pitted olives,0,0,0,0,0,0,0,0
503,cointreau,0,0,0,0,0,0,0,0
504,dried beans,0,0,0,0,0,1,0,0
505,smoked almonds,0,0,0,0,0,0,0,0
506,panko,0,0,0,0,0,0,0,0
507,panettone,0,0,0,0,0,0,0,0
508,cavatelli,0,0,0,0,0,0,0,0
509,york strip,0,0,0,0,0,0,0,0
510,mahimahi,0,0,0,0,0,0,0,0
511,créme fraîche,0,0,0,0,0,0,0,0
512,brewed tea,0,0,0,0,0,0,0,0
513,chicken bouillon,0,1,0,0,0,0,0,0
514,ramen noodles,0,0,0,0,0,0,0,0
515,pickling spices,0,0,0,0,0,0,0,0
516,chile,0,0,0,0,0,0,0,0
517,cherry vanilla ice cream,0,0,0,0,0,0,1,0
518,oyster sauce,0,0,0,0,0,1,0,0
519,powdered gelatin,0,0,0,0,0,0,0,0
520,coarse sugar,0,0,0,0,0,0,0,0
521,duck,0,1,0,0,0,0,0,0
522,rendered duck fat,0,1,0,0,0,0,0,0
523,melted fat,0,0,0,0,0,0,0,0
524,corn,0,0,0,0,0,1,0,0
525,pimento,0,0,0,0,0,0,0,0
526,caesar salad dressing,0,0,0,0,0,0,0,0
527,monkfish,0,0,1,0,0,0,0,0
528,garlic paste,0,0,0,0,0,1,0,0
529,turkey gravy,1,1,0,0,0,0,0,0
530,mayonnaise,0,0,0,0,0,0,0,0
531,daikon,0,0,0,0,0,0,0,0
532,black vinegar,0,0,0,0,0,0,0,0
533,kirby cucumbers,0,0,0,0,0,0,0,0
534,orange liqueur,0,0,0,0,0,0,0,0
535,steamed brown rice,0,0,0,0,0,0,0,0
536,cranberry juice concentrate,0,0,0,0,0,0,1,0
537,marrow,0,0,0,0,0,0,0,0
538,calimyrna figs,0,0,0,0,0,0,0,0
539,mixed bell peppers,0,0,0,0,0,0,0,0
540,panko breadcrumbs,0,0,0,0,0,0,0,0
541,anchovy paste,0,0,1,0,0,0,0,0
542,amaretti cookies,0,0,0,0,0,0,0,0
543,chinese parsley,0,0,0,0,0,1,0,0
544,maple sugar,0,0,0,0,0,0,0,0
545,tomatillo,0,0,0,0,0,1,0,0
546,pork butt roast,1,0,0,0,0,0,0,0
547,sardine,0,0,0,0,0,0,0,0
548,black mustard seeds,0,0,0,0,0,0,0,0
549,tamarind paste,0,0,0,0,0,0,1,0
550,aged gouda,0,0,0,0,0,0,0,0
551,chopped spinach thawed squeezed dry,0,0,0,0,0,1,0,0
552,yellowtail,0,0,0,0,0,0,0,0
553,mung bean noodles,0,0,0,0,0,0,0,0
554,pomegranate molasses,0,0,0,0,0,0,1,0
555,yuzu,0,0,0,0,0,0,0,0
556,lapsang souchong,0,0,0,0,0,0,0,0
557,seasoning salt,0,0,0,0,0,0,0,0
558,pumpernickel bread,0,0,0,0,0,0,0,0
559,vanilla extract,0,0,0,0,0,0,0,0
560,hanger steak,0,0,0,0,0,0,0,0
561,cocktail sauce,0,0,0,0,0,0,0,0
562,eye of round steak,0,0,0,0,0,0,0,0
563,lamb neck,1,0,0,0,0,0,0,0
564,orgeat syrup,0,0,0,0,0,0,0,0
565,zest,0,0,0,0,0,0,0,0
566,chocolate chip,0,0,0,0,0,0,0,0
567,sage leaves,0,0,0,0,0,0,0,0
568,phyllo pastry,0,0,0,0,0,0,0,0
569,cherry syrup,0,0,0,0,0,0,1,0
570,hen,0,0,0,0,0,0,0,0
571,chardonnay,0,0,0,0,0,0,0,0
572,tortilla chips,0,0,0,0,0,0,0,0
573,carp,0,0,0,0,0,0,0,0
574,kasseri,0,0,0,0,0,0,0,0
575,powdered milk,0,0,0,0,0,0,0,1
576,wakame,0,0,0,0,0,1,0,0
577,seville oranges,0,0,0,0,0,0,1,0
578,malt vinegar,0,0,0,0,0,0,0,0
579,fenugreek seeds,0,0,0,0,0,0,0,0
580,cherry peppers,0,0,0,0,0,0,1,0
581,kiwifruit,0,0,0,0,0,0,0,0
582,liquid aminos,0,0,0,0,0,0,0,0
583,rabbit,1,0,0,0,0,0,0,0
584,pepperoni,0,0,0,0,0,0,0,0
585,blueberry pie filling,0,0,0,0,0,0,1,0
586,turkey bacon,1,1,0,0,0,0,0,0
587,pareve margarine,0,0,0,0,0,0,0,0
588,black cardamom pods,0,0,0,0,0,0,0,0
589,sea bass,0,0,1,0,0,0,0,0
590,fines herbes,0,0,0,0,0,0,0,0
591,boston lettuce,0,0,0,0,0,1,0,0
592,almond extract,0,0,0,0,0,0,0,0
593,sorrel,0,0,0,0,0,0,0,0
594,boiling potatoes,0,0,0,0,0,0,0,0
595,confectioners sugar,0,0,0,0,0,0,0,0
596,pastry,0,0,0,0,0,0,0,0
597,green peppercorns,0,0,0,0,0,0,0,0
598,corn bread crumbs,0,0,0,0,0,1,0,0
599,turmeric,0,0,0,0,0,0,0,0
600,lemon vodka,0,0,0,0,0,0,1,0
601,standing rib roast,0,0,0,0,0,0,0,0
602,celery leaves,0,0,0,0,0,1,0,0
603,squash,0,0,0,0,0,1,0,0
604,squash blossoms,0,0,0,0,0,1,0,0
605,hot mustard,0,0,0,0,0,0,0,0
606,tomato chutney,0,0,0,0,0,1,1,0
607,kumquats in syrup,0,0,0,0,0,0,0,0
608,cubed bread,0,0,0,0,0,0,0,0
609,loaf,0,0,0,0,0,0,0,0
610,taco seasoning mix,0,0,0,0,0,0,0,0
611,beni shoga,0,0,0,0,0,0,0,0
612,polenta,0,0,0,0,0,0,0,0
613,protein powder,0,0,0,0,0,0,0,0
614,toast points,0,0,0,0,0,0,0,0
615,truffle oil,0,0,0,0,0,0,0,0
616,eggplant,0,0,0,0,0,1,0,0
617,cayenne pepper,0,0,0,0,0,1,0,0
618,bresaola,0,0,0,0,0,0,0,0
619,dried dates,0,0,0,0,0,0,0,0
620,apple cider vinegar,0,0,0,0,0,0,1,0
621,wafer,0,0,0,0,0,0,0,0
622,peasant bread,0,0,0,0,0,0,0,0
623,baby ribs,0,0,0,0,0,0,0,0
624,plum,0,0,0,0,0,0,1,0
625,chocolate cookies,0,0,0,0,0,0,0,0
626,salad dressing mix,0,0,0,0,0,0,0,0
627,brandy,0,0,0,0,0,0,0,0
628,mango salsa,0,0,0,0,0,0,1,0
629,kirsch,0,0,0,0,0,0,0,0
630,mustard sauce,0,0,0,0,0,0,0,0
631,gyoza wrappers,0,0,0,0,0,0,0,0
632,tahini,0,0,0,0,0,0,0,0
633,prune juice,0,0,0,0,0,0,0,0
634,agave nectar,0,0,0,0,0,0,0,0
635,calamari steak,0,0,0,0,0,0,0,0
636,salsa verde,0,0,0,0,0,0,0,0
637,coleslaw,0,0,0,0,0,0,0,0
638,shiitake mushroom caps,0,0,0,0,0,1,0,0
639,banana bread,0,0,0,0,0,0,1,0
640,castelvetrano olives,0,0,0,0,0,0,0,0
641,savory,0,0,0,0,0,0,0,0
642,hot pepper,0,0,0,0,0,1,0,0
643,rice syrup,0,0,0,0,0,0,0,0
644,flavoring,0,0,0,0,0,0,0,0
645,dry cider,0,0,0,0,0,0,0,0
646,caramel sauce,0,0,0,0,0,0,0,0
647,bee pollen,0,0,0,0,0,0,0,0
648,tangerine zest,0,0,0,0,0,0,1,0
649,distilled vinegar,0,0,0,0,0,0,0,0
650,salted anchovies,0,0,0,0,0,0,0,0
651,habanero pepper,0,0,0,0,0,1,0,0
652,elbow pasta,0,0,0,0,0,0,0,0
653,harissa paste,0,0,0,0,0,0,0,0
654,clam,0,0,0,1,0,0,0,0
655,honey liqueur,0,0,0,0,0,0,0,0
656,wondra,0,0,0,0,0,0,0,0
657,graham crackers,0,0,0,0,0,0,0,0
658,foie gras,0,0,0,0,0,0,0,0
659,green plantains,0,0,0,0,0,0,0,0
660,delicata squash,0,0,0,0,0,1,0,0
661,hot turkey sausage,1,1,0,0,0,0,0,0
662,cheese blend,0,0,0,0,0,0,0,1
663,bourbon,0,0,0,0,0,0,0,0
664,gold leaf,0,0,0,0,0,0,0,0
665,pearl tapioca,0,0,0,0,0,0,0,0
666,cardamom pods,0,0,0,0,0,0,0,0
667,xanthan gum,0,0,0,0,0,0,0,0
668,cereal,0,0,0,0,0,0,0,0
669,dried fig,0,0,0,0,0,0,1,0
670,cured pork,1,0,0,0,0,0,0,0
671,white rice flour,0,0,0,0,0,0,0,0
672,crabapple,0,0,0,0,0,0,0,0
673,pastry dough,0,0,0,0,0,0,0,0
674,beef steak,1,0,0,0,0,0,0,0
675,sweet tea,0,0,0,0,0,0,0,0
676,pilsner,0,0,0,0,0,0,0,0
677,dried pineapple,0,0,0,0,0,0,1,0
678,puy lentils,0,0,0,0,0,0,0,0
679,cumin seed,0,0,0,0,0,0,0,0
680,pork liver,1,0,0,0,0,0,0,0
681,cashew milk,0,0,0,0,0,0,0,0
682,ham hock,1,0,0,0,0,0,0,0
683,smoked mozzarella,0,0,0,0,0,0,0,0
684,cheese cubes,0,0,0,0,0,0,0,1
685,wine vinegar,0,0,0,0,0,0,0,0
686,popcorn kernels,0,0,0,0,0,0,0,0
687,nigella seeds,0,0,0,0,0,0,0,0
688,green,0,0,0,0,0,0,0,0
689,espresso powder,0,0,0,0,0,0,0,0
690,mixed mushrooms,0,0,0,0,0,0,0,0
691,chocolate frosting,0,0,0,0,0,0,0,0
692,muscovado sugar,0,0,0,0,0,0,0,0
693,button mushrooms,0,0,0,0,0,0,0,0
694,condensed cream of potato soup,0,0,0,0,0,1,0,0
695,fleshed fish,0,0,1,0,0,0,0,0
696,salt,0,0,0,0,0,0,0,0
697,flavored oil,0,0,0,0,0,0,0,0
698,lemon twists,0,0,0,0,0,0,1,0
699,vodka,0,0,0,0,0,0,0,0
700,peppermint schnapps,0,0,0,0,0,0,0,0
701,ham steak,1,0,0,0,0,0,0,0
702,lamb stew meat,1,0,0,0,0,0,0,0
703,dried kidney beans,0,0,0,0,0,1,0,0
704,dried chestnuts,0,0,0,0,0,0,0,0
705,coriander,0,0,0,0,0,0,0,0
706,tomato salsa,0,0,0,0,0,1,1,0
707,bread dough,0,0,0,0,0,0,0,0
708,prosecco,0,0,0,0,0,0,0,0
709,stout,0,0,0,0,0,0,0,0
710,gluten,0,0,0,0,0,0,0,0
711,dried mushrooms,0,0,0,0,0,0,0,0
712,mace,0,0,0,0,0,0,0,0
713,seafood,0,0,0,0,0,0,0,0
714,cajun spice mix,0,0,0,0,0,0,0,0
715,crab claws,0,0,0,0,0,0,0,0
716,cranberry juice cocktail,0,0,0,0,0,0,1,0
717,rhubarb,0,0,0,0,0,0,1,0
718,scotch,0,0,0,0,0,0,0,0
719,black trumpet mushrooms,0,0,0,0,0,0,0,0
720,king crab legs,0,0,0,0,0,0,0,0
721,cacao nibs,0,0,0,0,0,0,0,0
722,chocolate sauce,0,0,0,0,0,0,0,0
723,chocolate sprinkles,0,0,0,0,0,0,0,0
724,germ,0,0,0,0,0,0,0,0
725,snail,0,0,0,0,0,0,0,0
726,pork ribs,1,0,0,0,0,0,0,0
727,seedless grapes,0,0,0,0,0,0,1,0
728,watermelon radishes,0,0,0,0,0,0,0,0
729,burrata,0,0,0,0,0,0,0,0
730,lemon pepper,0,0,0,0,0,1,1,0
731,raspberry preserves,0,0,0,0,0,0,1,0
732,celery seed,0,0,0,0,0,1,0,0
733,tangelo,0,0,0,0,0,0,1,0
734,beef bouillon granules,1,0,0,0,0,0,0,0
735,vanilla yogurt,0,0,0,0,0,0,0,1
736,tomatoes in juice,0,0,0,0,0,0,0,0
737,chestnut,0,0,0,0,0,0,0,0
738,pastina,0,0,0,0,0,0,0,0
739,russet,0,0,0,0,0,0,0,0
740,edamame,0,0,0,0,0,1,0,0
741,salted peanuts,0,0,0,0,0,0,0,0
742,bouquet,0,0,0,0,0,0,0,0
743,gin,0,0,0,0,0,0,0,0
744,floweret,0,0,0,0,0,0,0,0
745,seltzer,0,0,0,0,0,0,0,0
746,dried dill,0,0,0,0,0,0,0,0
747,apricot jelly,0,0,0,0,0,0,1,0
748,kernel corn drain,0,0,0,0,0,1,0,0
749,swordfish,0,0,1,0,0,0,0,0
750,pack pumpkin,0,0,0,0,0,1,0,0
751,absinthe,0,0,0,0,0,0,0,0
752,vegetable,0,0,0,0,0,0,0,0
753,queso fresco,0,0,0,0,0,0,0,0
754,dried strawberries,0,0,0,0,0,0,0,0
755,cardamom,0,0,0,0,0,0,0,0
756,sugar syrup,0,0,0,0,0,0,0,0
757,tentacle,0,0,0,0,0,0,0,0
758,hot green chile,0,0,0,0,0,0,0,0
759,crimini mushrooms,0,0,0,0,0,1,0,0
760,orange pekoe tea,0,0,0,0,0,0,0,0
761,melba toast,0,0,0,0,0,0,0,0
762,green olives,0,0,0,0,0,0,0,0
763,peperoncini,0,0,0,0,0,0,0,0
764,chicken schmaltz,0,1,0,0,0,0,0,0
765,honeycomb tripe,0,0,0,0,0,0,0,0
766,whipped cream,0,0,0,0,0,0,0,0
767,whipped topping,0,0,0,0,0,0,0,0
768,guanabana,0,0,0,0,0,0,0,0
769,canela,0,0,0,0,0,0,0,0
770,achiote,0,0,0,0,0,0,0,0
771,duckling,0,0,0,0,0,0,0,0
772,capocollo,0,0,0,0,0,0,0,0
773,sugar cookie dough,0,0,0,0,0,0,0,0
774,candied cherries,0,0,0,0,0,0,0,0
775,wide rice noodles,0,0,0,0,0,0,0,0
776,spring water,0,0,0,0,0,0,0,0
777,chilli,0,0,0,0,0,0,0,0
778,green tea bags,0,0,0,0,0,0,0,0
779,shortcake,0,0,0,0,0,0,0,0
780,salt black pepper,0,0,0,0,0,1,0,0
781,grape,0,0,0,0,0,0,0,0
782,earl grey tea bags,0,0,0,0,0,0,0,0
783,bell pepper sliced,0,0,0,0,0,1,0,0
784,toasted sesame seeds,0,0,0,0,0,0,0,0
785,veal chops,1,0,0,0,0,0,0,0
786,hot chili sauce,0,0,0,0,0,0,0,0
787,cane sugar,0,0,0,0,0,0,0,0
788,lambrusco,0,0,0,0,0,0,0,0
789,coconut oil,0,0,0,0,0,0,1,0
790,comice pears,0,0,0,0,0,0,0,0
791,persimmon,0,0,0,0,0,0,1,0
792,onion rings,0,0,0,0,0,1,0,0
793,bing cherries,0,0,0,0,0,0,0,0
794,fruit,0,0,0,0,0,0,0,0
795,crepe,0,0,0,0,0,0,0,0
796,medjool dates,0,0,0,0,0,0,0,0
797,kaiser rolls,0,0,0,0,0,0,0,0
798,vanilla essence,0,0,0,0,0,0,0,0
799,phyllo,0,0,0,0,0,0,0,0
800,kelp,0,0,0,0,0,1,0,0
801,rum extract,0,0,0,0,0,0,0,0
802,vanilla,0,0,0,0,0,0,0,0
803,mandarin oranges,0,0,0,0,0,0,1,0
804,mint sauce,0,0,0,0,0,0,0,0
805,orange blossom honey,0,0,0,0,0,0,0,0
806,rapeseed oil,0,0,0,0,0,0,0,0
807,glutinous rice,0,0,0,0,0,0,0,0
808,ranch dressing,0,0,0,0,0,0,0,0
809,cannellini beans,0,0,0,0,0,1,0,0
810,pickled vegetables,0,0,0,0,0,0,0,0
811,dried tomatoes,0,0,0,0,0,0,0,0
812,cinnamon,0,0,0,0,0,0,0,0
813,bone,0,0,0,0,0,0,0,0
814,hot dogs,0,0,0,0,0,0,0,0
815,fry,0,0,0,0,0,0,0,0
816,apple jelly,0,0,0,0,0,0,1,0
817,spelt flour,0,0,0,0,0,0,0,0
818,smoked ham hocks,1,0,0,0,0,0,0,0
819,grappa,0,0,0,0,0,0,0,0
820,madeira,0,0,0,0,0,0,0,0
821,paccheri,0,0,0,0,0,0,0,0
822,roasted peanuts,0,0,0,0,0,0,0,0
823,broccoli slaw,0,0,0,0,0,1,0,0
824,tamarind juice,0,0,0,0,0,0,1,0
825,soda,0,0,0,0,0,0,0,0
826,powder,0,0,0,0,0,0,0,0
827,black ham,1,0,0,0,0,0,0,0
828,coarse sea salt,0,0,0,0,0,0,0,0
829,rotisserie chicken,0,1,0,0,0,0,0,0
830,smoked bratwurst,0,0,0,0,0,0,0,0
831,blackstrap molasses,0,0,0,0,0,0,0,0
832,pizza shells,0,0,0,1,0,0,0,0
833,drambuie,0,0,0,0,0,0,0,0
834,shell,0,0,0,0,0,0,0,0
835,macaroon,0,0,0,0,0,0,0,0
836,tortilla,0,0,0,0,0,0,0,0
837,vanilla wafer crumbs,0,0,0,0,0,0,0,0
838,whipping cream,0,0,0,0,0,0,0,0
839,cabernet,0,0,0,0,0,0,0,0
840,milk powder,0,0,0,0,0,0,0,1
841,tuna steaks,0,0,1,0,0,0,0,0
842,beef sirloin,1,0,0,0,0,0,0,0
843,garlic mayonnaise,0,0,0,0,0,1,0,0
844,shelled pistachios,0,0,0,0,0,0,0,0
845,coconut rum,0,0,0,0,0,0,1,0
846,dashi powder,0,0,0,0,0,0,0,0
847,london broil,0,0,0,0,0,0,0,0
848,carne seca,0,0,0,0,0,0,0,0
849,onion salt,0,0,0,0,0,1,0,0
850,bulgur,0,0,0,0,0,0,0,0
851,cream of mushroom soup,0,0,0,0,0,0,0,0
852,apricot preserves,0,0,0,0,0,0,1,0
853,pomegranate seeds,0,0,0,0,0,0,1,0
854,ketchup,0,0,0,0,0,0,0,0
855,harissa,0,0,0,0,0,0,0,0
856,pizza crust,0,0,0,0,0,0,0,0
857,dinner rolls,0,0,0,0,0,0,0,0
858,matzo cake meal,0,0,0,0,0,0,0,0
859,dried guajillo chiles,0,0,0,0,0,0,0,0
860,powdered egg whites,0,0,0,0,1,0,0,0
861,cilantro,0,0,0,0,0,0,0,0
862,seed,0,0,0,0,0,0,0,0
863,cooked rice,0,0,0,0,0,0,0,0
864,fish sauce,0,0,1,0,0,0,0,0
865,sugarcane,0,0,0,0,0,0,0,0
866,buckwheat,0,0,0,0,0,0,0,0
867,romano cheese,0,0,0,0,0,0,0,1
868,veal loin,1,0,0,0,0,0,0,0
869,tubetti,0,0,0,0,0,0,0,0
870,milk,0,0,0,0,0,0,0,1
871,granita,0,0,0,0,0,0,0,0
872,artichoke hearts,0,0,0,0,0,1,0,0
873,white button mushrooms,0,0,0,0,0,0,0,0
874,sugar pumpkin,0,0,0,0,0,1,0,0
875,extract,0,0,0,0,0,0,0,0
876,rigatoni,0,0,0,0,0,0,0,0
877,butter pecan ice cream,0,0,0,0,0,0,0,0
878,corn kernels,0,0,0,0,0,1,0,0
879,croissant,0,0,0,0,0,0,0,0
880,coconut milk powder,0,0,0,0,0,0,1,0
881,oyster,0,0,0,0,0,1,0,0
882,focaccia,0,0,0,0,0,0,0,0
883,tagliatelle,0,0,0,0,0,0,0,0
884,giblet,0,0,0,0,0,0,0,0
885,whitefish,0,0,0,0,0,0,0,0
886,bread yeast,0,0,0,0,0,0,0,0
887,puff pastry sheets,0,0,0,0,0,0,0,0
888,dried chile peppers,0,0,0,0,0,0,0,0
889,port,0,0,0,0,0,0,0,0
890,marsala wine,0,0,0,0,0,0,0,0
891,strawberry jam,0,0,0,0,0,0,1,0
892,fish stock,0,0,1,0,0,0,0,0
893,limeade concentrate,0,0,0,0,0,0,0,0
894,cooked white rice,0,0,0,0,0,0,0,0
895,seasoning,0,0,0,0,0,0,0,0
896,slivered almonds,0,0,0,0,0,0,0,0
897,squash seeds,0,0,0,0,0,1,0,0
898,pickled beets,0,0,0,0,0,0,0,0
899,shellfish,0,0,0,0,0,0,0,0
900,ginger juice,0,0,0,0,0,1,1,0
901,cube,0,0,0,0,0,0,0,0
902,low sodium soy sauce,0,0,0,0,0,0,0,0
903,oregano leaves,0,0,0,0,0,0,0,0
904,pierogi,0,0,0,0,0,0,0,0
905,yolk,0,0,0,0,1,0,0,0
906,dried black mushrooms,0,0,0,0,0,0,0,0
907,marjoram,0,0,0,0,0,0,0,0
908,chestnut spread,0,0,0,0,0,0,0,0
909,miso,0,0,0,0,0,0,0,0
910,buttermilk,0,0,0,0,0,0,0,0
911,asian fish sauce,0,0,1,0,0,0,0,0
912,bean soup,0,0,0,0,0,0,0,0
913,raspberry sauce,0,0,0,0,0,0,1,0
914,cheddar,0,0,0,0,0,0,0,0
915,grilled chicken,0,1,0,0,0,0,0,0
916,almond,0,0,0,0,0,0,0,0
917,prawn,0,0,0,0,0,0,0,0
918,toasted nori,0,0,0,0,0,1,0,0
919,pineapple,0,0,0,0,0,0,1,0
920,spring greens,0,0,0,0,0,1,0,0
921,sour milk,0,0,0,0,0,0,0,1
922,salsa,0,0,0,0,0,0,0,0
923,potato bread,0,0,0,0,0,1,0,0
924,onion soup mix,0,0,0,0,0,1,0,0
925,dried currants,0,0,0,0,0,0,0,0
926,citrus peel,0,0,0,0,0,0,0,0
927,boiling water,0,0,0,0,0,0,0,0
928,tuna in water,0,0,1,0,0,0,0,0
929,dried dillweed,0,0,0,0,0,0,0,0
930,almond meal,0,0,0,0,0,0,0,0
931,syrup,0,0,0,0,0,0,0,0
932,passion fruit,0,0,0,0,0,0,0,0
933,daikon sprouts,0,0,0,0,0,0,0,0
934,escarole,0,0,0,0,0,1,0,0
935,turnip greens,0,0,0,0,0,1,0,0
936,hot bean paste,0,0,0,0,0,0,0,0
937,lime wedges,0,0,0,0,0,0,1,0
938,ancho,0,0,0,0,0,0,0,0
939,riesling,0,0,0,0,0,0,0,0
940,mango,0,0,0,0,0,0,1,0
941,oat groats,0,0,0,0,0,0,0,0
942,frozen limeade,0,0,0,0,0,0,0,0
943,firm silken tofu,0,0,0,0,0,0,0,0
944,pastry cream,0,0,0,0,0,0,0,0
945,lemon pepper seasoning,0,0,0,0,0,1,1,0
946,sanding sugar,0,0,0,0,0,0,0,0
947,mushroom powder,0,0,0,0,0,0,0,0
948,beef shoulder,1,0,0,0,0,0,0,0
949,haloumi,0,0,0,0,0,0,0,0
950,grape juice,0,0,0,0,0,0,0,0
951,straw mushrooms,0,0,0,0,0,0,0,0
952,barbecue sauce,0,0,0,0,0,0,0,0
953,pie,0,0,0,0,0,0,0,0
954,cavatappi,0,0,0,0,0,0,0,0
955,curing salt,0,0,0,0,0,0,0,0
956,yellow onion,0,0,0,0,0,1,0,0
957,chicken sausage,0,1,0,0,0,0,0,0
958,mild curry paste,0,0,0,0,0,0,0,0
959,salad greens,0,0,0,0,0,1,0,0
960,veal,1,0,0,0,0,0,0,0
961,chile powder,0,0,0,0,0,0,0,0
962,leaf lettuce,0,0,0,0,0,1,0,0
963,sorghum,0,0,0,0,0,0,0,0
964,aquavit,0,0,0,0,0,0,0,0
965,oat flour,0,0,0,0,0,0,0,0
966,lasagna noodles,0,0,0,0,0,0,0,0
967,jelly,0,0,0,0,0,0,0,0
968,tuna in oil,0,0,1,0,0,0,0,0
969,spanish smoked paprika,0,0,0,0,0,0,0,0
970,chaat masala,0,0,0,0,0,0,0,0
971,tomatoes in oil,0,0,0,0,0,0,0,0
972,halibut steak,0,0,1,0,0,0,0,0
973,pork sausage,1,0,0,0,0,0,0,0
974,grated orange peel,0,0,0,0,0,0,0,0
975,lasagne,0,0,0,0,0,0,0,0
976,pork sausages,1,0,0,0,0,0,0,0
977,fleur sel,0,0,0,0,0,0,0,0
978,frozen raspberries,0,0,0,0,0,0,0,0
979,grapefruit juice,0,0,0,0,0,0,1,0
980,nectar,0,0,0,0,0,0,0,0
981,proscuitto di parma,0,0,0,0,0,0,0,0
982,coconut,0,0,0,0,0,0,1,0
983,island dressing,0,0,0,0,0,0,0,0
984,seedless cucumber,0,0,0,0,0,1,0,0
985,cooked beetroot,0,0,0,0,0,0,0,0
986,green tea powder,0,0,0,0,0,0,0,0
987,ice cream,0,0,0,0,0,0,0,0
988,maple extract,0,0,0,0,0,0,0,0
989,aleppo,0,0,0,0,0,0,0,0
990,okra,0,0,0,0,0,1,0,0
991,canned corn,0,0,0,0,0,1,0,0
992,spice,0,0,0,0,0,0,0,0
993,raspberry lambic,0,0,0,0,0,0,1,0
994,chili seasoning mix,0,0,0,0,0,0,0,0
995,trout caviar,0,0,1,0,0,0,0,0
996,canning salt,0,0,0,0,0,0,0,0
997,wheat,0,0,0,0,0,0,0,0
998,t-bone steak,0,0,0,0,0,0,0,0
999,shortening,0,0,0,0,0,0,0,0
1000,crostini,0,0,0,0,0,0,0,0
1001,sweetened condensed milk,0,0,0,0,0,0,0,1
1002,crème de cassis,0,0,0,0,0,0,0,0
1003,onion tops,0,0,0,0,0,1,0,0
1004,dried fettuccine,0,0,0,0,0,0,0,0
1005,meat glaze,1,0,0,0,0,0,0,0
1006,beef brisket,1,0,0,0,0,0,0,0
1007,winter melon,0,0,0,0,0,0,0,0
1008,chicken carcass,0,1,0,0,0,0,0,0
1009,sweet pickle,0,0,0,0,0,0,0,0
1010,smoked turkey drumstick,1,1,0,0,0,0,0,0
1011,dried kelp,0,0,0,0,0,1,0,0
1012,palm sugar,0,0,0,0,0,0,0,0
1013,broth,0,0,0,0,0,0,0,0
1014,pork shoulder,1,0,0,0,0,0,0,0
1015,marsala,0,0,0,0,0,0,0,0
1016,green chile,0,0,0,0,0,0,0,0
1017,dried soba,0,0,0,0,0,0,0,0
1018,pastry shell,0,0,0,0,0,0,0,0
1019,celery heart,0,0,0,0,0,1,0,0
1020,nutmeg,0,0,0,0,0,0,0,0
1021,refrigerated pizza dough,0,0,0,0,0,0,0,0
1022,vanilla bean paste,0,0,0,0,0,0,0,0
1023,vanilla vodka,0,0,0,0,0,0,0,0
1024,hot chili,0,0,0,0,0,0,0,0
1025,curry paste,0,0,0,0,0,0,0,0
1026,pickling salt,0,0,0,0,0,0,0,0
1027,greek black olives,0,0,0,0,0,0,0,0
1028,adobo sauce,0,0,0,0,0,0,0,0
1029,sour cherries,0,0,0,0,0,0,0,0
1030,dried rigatoni,0,0,0,0,0,0,0,0
1031,pecan,0,0,0,0,0,0,0,0
1032,dark rum,0,0,0,0,0,0,0,0
1033,rib roast,0,0,0,0,0,0,0,0
1034,dried cherries,0,0,0,0,0,0,0,0
1035,venison,1,0,0,0,0,0,0,0
1036,halibut,0,0,1,0,0,0,0,0
1037,chocolate curls,0,0,0,0,0,0,0,0
1038,corn salsa,0,0,0,0,0,1,0,0
1039,chicken wingettes,0,1,0,0,0,0,0,0
1040,hamachi,0,0,0,0,0,0,0,0
1041,hazelnut oil,0,0,0,0,0,0,0,0
1042,egg pasta,0,0,0,0,1,0,0,0
1043,bouillon cube,0,0,0,0,0,0,0,0
1044,yukon gold,0,0,0,0,0,0,0,0
1045,hazelnut liqueur,0,0,0,0,0,0,0,0
1046,toffee sauce,0,0,0,0,0,0,0,0
1047,round bread,0,0,0,0,0,0,0,0
1048,split peas,0,0,0,0,0,1,0,0
1049,cantaloupe,0,0,0,0,0,0,0,0
1050,navel oranges,0,0,0,0,0,0,1,0
1051,spaghetti,0,0,0,0,0,0,0,0
1052,pork roast,1,0,0,0,0,0,0,0
1053,corn tortilla chips,0,0,0,0,0,1,0,0
1054,schmaltz,0,0,0,0,0,0,0,0
1055,almond paste,0,0,0,0,0,0,0,0
1056,flavored syrup,0,0,0,0,0,0,0,0
1057,dressing,0,0,0,0,0,0,0,0
1058,shimeji mushrooms,0,0,0,0,0,0,0,0
1059,sweet rice wine,0,0,0,0,0,0,0,0
1060,coarse-grain salt,0,0,0,0,0,0,0,0
1061,cocoa powder,0,0,0,0,0,0,0,0
1062,chervil,0,0,0,0,0,0,0,0
1063,center cut pork chops,1,0,0,0,0,0,0,0
1064,pork rind,1,0,0,0,0,0,0,0
1065,fermented black beans,0,0,0,0,0,1,0,0
1066,grained,0,0,0,0,0,0,0,0
1067,vegan butter,0,0,0,0,0,0,0,0
1068,turkey thigh,1,1,0,0,0,0,0,0
1069,shoulder chops,0,0,0,0,0,0,0,0
1070,yellowfin,0,0,0,0,0,0,0,0
1071,beef bones,1,0,0,0,0,0,0,0
1072,paste,0,0,0,0,0,0,0,0
1073,comfort,0,0,0,0,0,0,0,0
1074,pitted cherries,0,0,0,0,0,0,0,0
1075,gyoza,0,0,0,0,0,0,0,0
1076,cheese,0,0,0,0,0,0,0,1
1077,pie crusts,0,0,0,0,0,0,0,0
1078,shell steak,0,0,0,0,0,0,0,0
1079,hummus,0,0,0,0,0,0,0,0
1080,char,0,0,0,0,0,0,0,0
1081,masa dough,0,0,0,0,0,0,0,0
1082,applewood smoked bacon,1,0,0,0,0,0,0,0
1083,satsuma,0,0,0,0,0,0,1,0
1084,toffee bits,0,0,0,0,0,0,0,0
1085,cranberry sauce,0,0,0,0,0,0,1,0
1086,camembert,0,0,0,0,0,0,0,0
1087,cutlet,0,0,0,0,0,0,0,0
1088,beef gravy,1,0,0,0,0,0,0,0
1089,chocolate wafer cookies,0,0,0,0,0,0,0,0
1090,chopped green bell pepper,0,0,0,0,0,1,0,0
1091,guajillo chile powder,0,0,0,0,0,0,0,0
1092,taleggio,0,0,0,0,0,0,0,0
1093,cooked barley,0,0,0,0,0,0,0,0
1094,pancake batter,0,0,0,0,0,0,0,0
1095,seasoning mix,0,0,0,0,0,0,0,0
1096,granola,0,0,0,0,0,0,0,0
1097,cavolo nero,0,0,0,0,0,0,0,0
1098,mulato chiles,0,0,0,0,0,0,0,0
1099,black olives,0,0,0,0,0,0,0,0
1100,jarlsberg,0,0,0,0,0,0,0,0
1101,fenugreek leaves,0,0,0,0,0,0,0,0
1102,snap,0,0,0,0,0,0,0,0
1103,beet greens,0,0,0,0,0,1,0,0
1104,dill weed,0,0,0,0,0,0,0,0
1105,chinese sausage,0,0,0,0,0,0,0,0
1106,mortadella,0,0,0,0,0,0,0,0
1107,lump crab meat,1,0,0,0,0,0,0,0
1108,paneer,0,0,0,0,0,0,0,0
1109,radish,0,0,0,0,0,1,0,0
1110,gelatin,0,0,0,0,0,0,0,0
1111,tartlet shells,0,0,0,1,0,0,0,0
1112,tofu,0,0,0,0,0,0,0,0
1113,yakisoba noodles,0,0,0,0,0,0,0,0
1114,summer squash,0,0,0,0,0,1,0,0
1115,chocolate ice cream,0,0,0,0,0,0,0,0
1116,smoked paprika,0,0,0,0,0,0,0,0
1117,granulated sugar,0,0,0,0,0,0,0,0
1118,margarine,0,0,0,0,0,0,0,0
1119,flour for dusting,0,0,0,0,0,0,0,0
1120,green pepper,0,0,0,0,0,1,0,0
1121,spicy mustard,0,0,0,0,0,0,0,0
1122,fettuccine,0,0,0,0,0,0,0,0
1123,pigeon peas,0,0,0,0,0,1,0,0
1124,rose petals,0,0,0,0,0,0,0,0
1125,bean paste,0,0,0,0,0,0,0,0
1126,tomato paste,0,0,0,0,0,1,1,0
1127,champagne grapes,0,0,0,0,0,0,1,0
1128,ras el hanout,0,0,0,0,0,0,0,0
1129,herb cheese,0,0,0,0,0,0,0,1
1130,cream cheese,0,0,0,0,0,0,0,1
1131,pita,0,0,0,0,0,0,0,0
1132,asiago,0,0,0,0,0,0,0,0
1133,potato starch,0,0,0,0,0,1,0,0
1134,mustard,0,0,0,0,0,0,0,0
1135,sriracha,0,0,0,0,0,0,0,0
1136,lemonade concentrate,0,0,0,0,0,0,0,0
1137,maui onion,0,0,0,0,0,1,0,0
1138,bbq sauce,0,0,0,0,0,0,0,0
1139,yuzu juice,0,0,0,0,0,0,0,0
1140,raita,0,0,0,0,0,0,0,0
1141,rose water,0,0,0,0,0,0,0,0
1142,brown mustard seeds,0,0,0,0,0,0,0,0
1143,popped popcorn,0,0,0,0,0,0,0,0
1144,smoked mackerel,0,0,1,0,0,0,0,0
1145,jamaica,0,0,0,0,0,0,0,0
1146,creamed spinach,0,0,0,0,0,1,0,0
1147,turbot,0,0,1,0,0,0,0,0
1148,tawny port,0,0,0,0,0,0,0,0
1149,chopmeat,0,0,0,0,0,0,0,0
1150,goji berries,0,0,0,0,0,0,1,0
1151,garlic,0,0,0,0,0,1,0,0
1152,whole wheat pastry flour,0,0,0,0,0,0,0,0
1153,flounder,0,0,1,0,0,0,0,0
1154,romaine,0,0,0,0,0,1,0,0
1155,baking soda,0,0,0,0,0,0,0,0
1156,silver tequila,0,0,0,0,0,0,0,0
1157,queso blanco,0,0,0,0,0,0,0,0
1158,preserved lemon,0,0,0,0,0,0,1,0
1159,bone-in chicken,0,1,0,0,0,0,0,0
1160,green chilies,0,0,0,0,0,0,0,0
1161,oxtail,0,0,0,0,0,0,0,0
1162,apple butter,0,0,0,0,0,0,1,0
1163,farro,0,0,0,0,0,0,0,0
1164,brioche bread,0,0,0,0,0,0,0,0
1165,garnish,0,0,0,0,0,0,0,0
1166,sparkling wine,0,0,0,0,0,0,0,0
1167,blue cheese,0,0,0,0,0,0,0,1
1168,curaçao,0,0,0,0,0,0,0,0
1169,alum,0,0,0,0,0,0,0,0
1170,baking powder,0,0,0,0,0,0,0,0
1171,chinese cabbage,0,0,0,0,0,1,0,0
1172,hot salsa,0,0,0,0,0,0,0,0
1173,oyster mushrooms,0,0,0,0,0,1,0,0
1174,crema,0,0,0,0,0,0,0,0
1175,fromage blanc,0,0,0,0,0,0,0,0
1176,kernel corn,0,0,0,0,0,1,0,0
1177,caponata,0,0,0,0,0,0,0,0
1178,confit,0,0,0,0,0,0,0,0
1179,pico de gallo,0,0,0,0,0,0,0,0
1180,baby corn,0,0,0,0,0,1,0,0
1181,simple syrup,0,0,0,0,0,0,0,0
1182,squid,0,0,0,1,0,0,0,0
1183,chip,0,0,0,0,0,0,0,0
1184,lamb rib chops,1,0,0,0,0,0,0,0
1185,tartar sauce,0,0,0,0,0,0,0,0
1186,refined sugar,0,0,0,0,0,0,0,0
1187,tzatziki,0,0,0,0,0,0,0,0
1188,zinfandel,0,0,0,0,0,0,0,0
1189,ginger,0,0,0,0,0,1,1,0
1190,chinese black vinegar,0,0,0,0,0,0,0,0
1191,kiwi fruits,0,0,0,0,0,0,1,0
1192,peanut sauce,0,0,0,0,0,0,0,0
1193,brazil nuts,0,0,0,0,0,0,0,0
1194,oat bran,0,0,0,0,0,0,0,0
1195,ground pork,1,0,0,0,0,0,0,0
1196,buffalo sauce,0,0,0,0,0,0,0,0
1197,rice vermicelli,0,0,0,0,0,0,0,0
1198,green pumpkin seeds,0,0,0,0,0,1,0,0
1199,grapeseed oil,0,0,0,0,0,0,0,0
1200,champagne vinegar,0,0,0,0,0,0,0,0
1201,muffins split toasted,0,0,0,0,0,0,0,0
1202,guanciale,0,0,0,0,0,0,0,0
1203,codfish,0,0,0,0,0,0,0,0
1204,salted roasted almonds,0,0,0,0,0,0,0,0
1205,caster,0,0,0,0,0,0,0,0
1206,tostada shells,0,0,0,1,0,0,0,0
1207,cranberry,0,0,0,0,0,0,1,0
1208,sweet corn,0,0,0,0,0,1,0,0
1209,ginger liqueur,0,0,0,0,0,1,1,0
1210,lamb chops,1,0,0,0,0,0,0,0
1211,candy,0,0,0,0,0,0,0,0
1212,yoghurt,0,0,0,0,0,0,0,1
1213,toasted coconut,0,0,0,0,0,0,1,0
1214,black sesame seeds,0,0,0,0,0,0,0,0
1215,basil,0,0,0,0,0,0,0,0
1216,cooked shrimp,0,0,0,1,0,0,0,0
1217,marshmallow,0,0,0,0,0,0,0,0
1218,cheese tortellini,0,0,0,0,0,0,0,1
1219,chicken wing drummettes,0,1,0,0,0,0,0,0
1220,brown mustard,0,0,0,0,0,0,0,0
1221,shanghai bok choy,0,0,0,0,0,0,0,0
1222,asian chile paste,0,0,0,0,0,0,0,0
1223,filet mignon,0,0,0,0,0,0,0,0
1224,mashed potatoes,0,0,0,0,0,0,0,0
1225,pork chops,1,0,0,0,0,0,0,0
1226,mint syrup,0,0,0,0,0,0,0,0
1227,sirloin,0,0,0,0,0,0,0,0
1228,corn meal,0,0,0,0,0,1,0,0
1229,beef,1,0,0,0,0,0,0,0
1230,tarragon vinegar,0,0,0,0,0,0,0,0
1231,shallot,0,0,0,0,0,0,0,0
1232,starchy potatoes,0,0,0,0,0,0,0,0
1233,baby radishes,0,0,0,0,0,0,0,0
1234,millet flour,0,0,0,0,0,0,0,0
1235,globe eggplant,0,0,0,0,0,1,0,0
1236,meyer lemon,0,0,0,0,0,0,1,0
1237,hearts of romaine,0,0,0,0,0,1,0,0
1238,dry vermouth,0,0,0,0,0,0,0,0
1239,black bass,0,0,1,0,0,0,0,0
1240,pudding,0,0,0,0,0,0,0,0
1241,tortelloni,0,0,0,0,0,0,0,0
1242,shoulder steak,0,0,0,0,0,0,0,0
1243,liverwurst,0,0,0,0,0,0,0,0
1244,chili paste,0,0,0,0,0,0,0,0
1245,oyster liquor,0,0,0,0,0,1,0,0
1246,semolina,0,0,0,0,0,0,0,0
1247,coffee beans,0,0,0,0,0,1,0,0
1248,bone broth,0,0,0,0,0,0,0,0
1249,demerara sugar,0,0,0,0,0,0,0,0
1250,pomegranate juice,0,0,0,0,0,0,1,0
1251,green garlic,0,0,0,0,0,1,0,0
1252,atta,0,0,0,0,0,0,0,0
1253,canned chipotles,0,0,0,0,0,0,0,0
1254,buckwheat flour,0,0,0,0,0,0,0,0
1255,hot chili paste,0,0,0,0,0,0,0,0
1256,cornflakes,0,0,0,0,0,0,0,0
1257,passion fruit juice,0,0,0,0,0,0,0,0
1258,garam masala,0,0,0,0,0,0,0,0
1259,cookie crumbs,0,0,0,0,0,0,0,0
1260,applesauce,0,0,0,0,0,0,0,0
1261,fava bean,0,0,0,0,0,0,0,0
1262,honey mustard,0,0,0,0,0,0,0,0
1263,tamarind,0,0,0,0,0,0,1,0
1264,black cherries,0,0,0,0,0,0,0,0
1265,monterey jack,0,0,0,0,0,0,0,0
1266,blade steak,0,0,0,0,0,0,0,0
1267,crabmeat,0,0,0,0,0,0,0,0
1268,miniature chocolate chips,0,0,0,0,0,0,0,0
1269,biscuit,0,0,0,0,0,0,0,0
1270,flour,0,0,0,0,0,0,0,0
1271,sweet potatoes,0,0,0,0,0,0,0,0
1272,parmesan,0,0,0,0,0,0,0,0
1273,spicy sausage,0,0,0,0,0,0,0,0
1274,salt pork,1,0,0,0,0,0,0,0
1275,red bliss potato,0,0,0,0,0,1,0,0
1276,sweetbread,0,0,0,0,0,0,0,0
1277,silver,0,0,0,0,0,0,0,0
1278,chocolate shavings,0,0,0,0,0,0,0,0
1279,dried scallops,0,0,0,1,0,0,0,0
1280,rosewater,0,0,0,0,0,0,0,0
1281,tatsoi,0,0,0,0,0,0,0,0
1282,cream sherry,0,0,0,0,0,0,0,0
1283,bosc pears,0,0,0,0,0,0,0,0
1284,gaeta olives,0,0,0,0,0,0,0,0
1285,cream cheese frosting,0,0,0,0,0,0,0,1
1286,green cardamom,0,0,0,0,0,0,0,0
1287,cumin,0,0,0,0,0,0,0,0
1288,hot water,0,0,0,0,0,0,0,0
1289,wood ear mushrooms,0,0,0,0,0,0,0,0
1290,jiffy corn muffin mix,0,0,0,0,0,1,0,0
1291,pork fat,1,0,0,0,0,0,0,0
1292,quail eggs,0,0,0,0,1,0,0,0
1293,currant,0,0,0,0,0,0,1,0
1294,tamarind concentrate,0,0,0,0,0,0,1,0
1295,edamame beans,0,0,0,0,0,1,0,0
1296,medium egg noodles,0,0,0,0,1,0,0,0
1297,harissa sauce,0,0,0,0,0,0,0,0
1298,merlot,0,0,0,0,0,0,0,0
1299,pork sausage links,1,0,0,0,0,0,0,0
1300,marzano tomatoes,0,0,0,0,0,0,0,0
1301,jasmine,0,0,0,0,0,0,0,0
1302,bow,0,0,0,0,0,0,0,0
1303,pearl onions,0,0,0,0,0,0,0,0
1304,pea shoots,0,0,0,0,0,0,0,0
1305,green figs,0,0,0,0,0,0,0,0
1306,saffron threads,0,0,0,0,0,0,0,0
1307,almond liqueur,0,0,0,0,0,0,0,0
1308,rice sticks,0,0,0,0,0,0,0,0
1309,crumbled blue cheese,0,0,0,0,0,0,0,1
1310,provolone cheese,0,0,0,0,0,0,0,1
1311,milk chocolate chips,0,0,0,0,0,0,0,1
1312,achiote paste,0,0,0,0,0,0,0,0
1313,slider rolls,0,0,0,0,0,0,0,0
1314,peas carrots,0,0,0,0,0,1,0,0
1315,flowering chinese chives,0,0,0,0,0,0,0,0
1316,spaghettini,0,0,0,0,0,0,0,0
1317,dried pinto beans,0,0,0,0,0,1,0,0
1318,grouper,0,0,0,0,0,0,0,0
1319,wonton wrappers,0,0,0,0,0,0,0,0
1320,chinese egg noodles,0,0,0,0,1,0,0,0
1321,bitter melon,0,0,0,0,0,0,0,0
1322,ear of corn,0,0,0,0,0,1,0,0
1323,mashed banana,0,0,0,0,0,0,1,0
1324,orange peel,0,0,0,0,0,0,0,0
1325,tenderloin roast,0,0,0,0,0,0,0,0
1326,toasted cashews,0,0,0,0,0,0,0,0
1327,risotto rice,0,0,0,0,0,0,0,0
1328,pineapple salsa,0,0,0,0,0,0,1,0
1329,parboiled rice,0,0,0,0,0,0,0,0
1330,sweet corn kernels,0,0,0,0,0,1,0,0
1331,cactus paddles,0,0,0,0,0,0,0,0
1332,yogurt cheese,0,0,0,0,0,0,0,1
1333,chicken-apple sausage,0,0,0,0,0,0,0,0
1334,corn chips,0,0,0,0,0,1,0,0
1335,mushroom soy sauce,0,0,0,0,0,0,0,0
1336,cracker,0,0,0,0,0,0,0,0
1337,beef broth,1,0,0,0,0,0,0,0
1338,meyer lemon peel,0,0,0,0,0,0,1,0
1339,sour mix,0,0,0,0,0,0,0,0
1340,chili oil,0,0,0,0,0,0,0,0
1341,rutabaga,0,0,0,0,0,1,0,0
1342,brine,0,0,0,0,0,0,0,0
1343,lemon zest,0,0,0,0,0,0,1,0
1344,poured fondant,0,0,0,0,0,0,0,0
1345,beef tongue,1,0,0,0,0,0,0,0
1346,banana liqueur,0,0,0,0,0,0,1,0
1347,steak,0,0,0,0,0,0,0,0
1348,cod,0,0,1,0,0,0,0,0
1349,cabrales,0,0,0,0,0,0,0,0
1350,sirloin steak,0,0,0,0,0,0,0,0
1351,pasilla chiles,0,0,0,0,0,0,0,0
1352,broccoli florets,0,0,0,0,0,1,0,0
1353,bell pepper,0,0,0,0,0,1,0,0
1354,bay seasoning,0,0,0,0,0,0,0,0
1355,pastry flour,0,0,0,0,0,0,0,0
1356,ricotta salata,0,0,0,0,0,0,0,0
1357,taco seasoning,0,0,0,0,0,0,0,0
1358,callaloo,0,0,0,0,0,0,0,0
1359,chipotle chile,0,0,0,0,0,1,0,0
1360,asian,0,0,0,0,0,0,0,0
1361,hazelnut flour,0,0,0,0,0,0,0,0
1362,yuca,0,0,0,0,0,1,0,0
1363,angel hair,0,0,0,0,0,0,0,0
1364,fatback,0,0,0,0,0,0,0,0
1365,citrus vinaigrette,0,0,0,0,0,0,0,0
1366,shichimi togarashi,0,0,0,0,0,0,0,0
1367,meyer lemon juice,0,0,0,0,0,0,1,0
1368,lemon peel,0,0,0,0,0,0,1,0
1369,assorted vegetables,0,0,0,0,0,0,0,0
1370,albacore,0,0,0,0,0,0,0,0
1371,pippin apples,0,0,0,0,0,0,0,0
1372,sauerkraut,0,0,0,0,0,0,0,0
1373,green onions,0,0,0,0,0,0,0,0
1374,barbecued pork,1,0,0,0,0,0,0,0
1375,yu choy,0,0,0,0,0,0,0,0
1376,dried minced garlic,0,0,0,0,0,1,0,0
1377,speck,0,0,0,0,0,0,0,0
1378,hamburger buns,0,0,0,0,0,0,0,0
1379,filling,0,0,0,0,0,0,0,0
1380,sparkling water,0,0,0,0,0,0,0,0
1381,gold tequila,0,0,0,0,0,0,0,0
1382,grit,0,0,0,0,0,0,0,0
1383,paprika,0,0,0,0,0,0,0,0
1384,dried peach,0,0,0,0,0,0,1,0
1385,mild green chiles,0,0,0,0,0,0,0,0
1386,pollock,0,0,0,0,0,0,0,0
1387,dried thyme,0,0,0,0,0,0,0,0
1388,dried apple,0,0,0,0,0,0,1,0
1389,cooked bacon,1,0,0,0,0,0,0,0
1390,sponge cake,0,0,0,0,0,0,0,0
1391,darjeeling tea,0,0,0,0,0,0,0,0
1392,peeled shrimp,0,0,0,1,0,0,0,0
1393,pickle juice,0,0,0,0,0,0,0,0
1394,licorice root,0,0,0,0,0,0,0,0
1395,dried sardines,0,0,1,0,0,0,0,0
1396,cream cheese with chives,0,0,0,0,0,0,0,1
1397,shoulder roast,0,0,0,0,0,0,0,0
1398,smoked trout,0,0,1,0,0,0,0,0
1399,chicken,0,1,0,0,0,0,0,0
1400,sharp cheddar,0,0,0,0,0,0,0,0
1401,chive blossoms,0,0,0,0,0,0,0,0
1402,kewpie mayonnaise,0,0,0,0,0,0,0,0
1403,pattypan squash,0,0,0,0,0,1,0,0
1404,pizza dough,0,0,0,0,0,0,0,0
1405,colby,0,0,0,0,0,0,0,0
1406,rum,0,0,0,0,0,0,0,0
1407,chioggia,0,0,0,0,0,0,0,0
1408,watercress,0,0,0,0,0,1,0,0
1409,peach nectar,0,0,0,0,0,0,1,0
1410,catsup,0,0,0,0,0,0,0,0
1411,herb,0,0,0,0,0,0,0,0
1412,orange rind,0,0,0,0,0,0,0,0
1413,brown sugar,0,0,0,0,0,0,0,0
1414,date,0,0,0,0,0,0,1,0
1415,vegetable stock,0,0,0,0,0,0,0,0
1416,barley,0,0,0,0,0,0,0,0
1417,bird chile,0,0,0,0,0,0,0,0
1418,balm leaves,0,0,0,0,0,0,0,0
1419,creole seasoning,0,0,0,0,0,0,0,0
1420,parsley sprigs,0,0,0,0,0,1,0,0
1421,tuna,0,0,1,0,0,0,0,0
1422,hot spanish paprika,0,0,0,0,0,0,0,0
1423,pectin,0,0,0,0,0,0,0,0
1424,rice milk,0,0,0,0,0,0,0,0
1425,house seasoning,0,0,0,0,0,0,0,0
1426,genoa salami,1,0,0,0,0,0,0,0
1427,orange roughy,0,0,0,0,0,0,0,0
1428,sour orange juice,0,0,0,0,0,0,0,0
1429,breakfast sausages,1,0,0,0,0,0,0,0
1430,chrysanthemum,0,0,0,0,0,0,0,0
1431,dried porcini,0,0,0,0,0,1,0,0
1432,mizuna,0,0,0,0,0,0,0,0
1433,pork roll,1,0,0,0,0,0,0,0
1434,water chestnuts,0,0,0,0,0,0,0,0
1435,lemon,0,0,0,0,0,0,1,0
1436,turbinado,0,0,0,0,0,0,0,0
1437,pepperoncini,0,0,0,0,0,0,0,0
1438,green lentil,0,0,0,0,0,0,0,0
1439,skirt steak,0,0,0,0,0,0,0,0
1440,wasabi,0,0,0,0,0,0,0,0
1441,devil's food cake mix,0,0,0,0,0,0,0,0
1442,soft rolls,0,0,0,0,0,0,0,0
1443,matzo meal,0,0,0,0,0,0,0,0
1444,mung beans,0,0,0,0,0,1,0,0
1445,dried pasta,0,0,0,0,0,0,0,0
1446,pork loin,1,0,0,0,0,0,0,0
1447,goat,0,0,0,0,0,0,0,0
1448,armagnac,0,0,0,0,0,0,0,0
1449,soft corn tortillas,0,0,0,0,0,1,0,0
1450,round,0,0,0,0,0,0,0,0
1451,cashew butter,0,0,0,0,0,0,0,0
1452,strozzapreti,0,0,0,0,0,0,0,0
1453,seafood seasoning,0,0,0,0,0,0,0,0
1454,curry,0,0,0,0,0,0,0,0
1455,chorizo sausage,0,0,0,0,0,0,0,0
1456,baby carrots,0,0,0,0,0,0,0,0
1457,olive oil,0,0,0,0,0,1,0,0
1458,lamb sausage,1,0,0,0,0,0,0,0
1459,almond milk,0,0,0,0,0,0,0,0
1460,melissa,0,0,0,0,0,0,0,0
1461,mixed fruit,0,0,0,0,0,0,0,0
1462,leaf parsley,0,0,0,0,0,1,0,0
1463,celery ribs,0,0,0,0,0,1,0,0
1464,green bell pepper,0,0,0,0,0,1,0,0
1465,lacinato kale,0,0,0,0,0,1,0,0
1466,frosting,0,0,0,0,0,0,0,0
1467,cacao powder,0,0,0,0,0,0,0,0
1468,masa,0,0,0,0,0,0,0,0
1469,coriander seeds,0,0,0,0,0,0,0,0
1470,ritz crackers,0,0,0,0,0,0,0,0
1471,coconut meat,1,0,0,0,0,0,1,0
1472,dried oregano,0,0,0,0,0,0,0,0
1473,cashew,0,0,0,0,0,0,0,0
1474,panang curry paste,0,0,0,0,0,0,0,0
1475,pecan pie,0,0,0,0,0,0,0,0
1476,mullet,0,0,1,0,0,0,0,0
1477,turnip,0,0,0,0,0,1,0,0
1478,kaffir lime leaves,0,0,0,0,0,0,1,0
1479,fennel,0,0,0,0,0,1,0,0
1480,clam juice,0,0,0,1,0,0,0,0
1481,pie filling,0,0,0,0,0,0,0,0
1482,coffee granules,0,0,0,0,0,0,0,0
1483,dashi,0,0,0,0,0,0,0,0
1484,string beans,0,0,0,0,0,1,0,0
1485,xuxu,0,0,0,0,0,0,0,0
1486,pig,0,0,0,0,0,0,0,0
1487,cherry vinegar,0,0,0,0,0,0,1,0
1488,mushroom,0,0,0,0,0,0,0,0
1489,epazote,0,0,0,0,0,0,0,0
1490,tapioca,0,0,0,0,0,0,0,0
1491,bay leaves,0,0,0,0,0,0,0,0
1492,kale leaves,0,0,0,0,0,1,0,0
1493,coconut vinegar,0,0,0,0,0,0,1,0
1494,nonpareil,0,0,0,0,0,0,0,0
1495,cream of tomato soup,0,0,0,0,0,1,1,0
1496,soft-boiled egg,0,0,0,0,1,0,0,0
1497,rye flour,0,0,0,0,0,0,0,0
1498,buckwheat groats,0,0,0,0,0,0,0,0
1499,food coloring,0,0,0,0,0,0,0,0
1500,habanero,0,0,0,0,0,1,0,0
1501,jerusalem artichokes,0,0,0,0,0,0,0,0
1502,veal bones,1,0,0,0,0,0,0,0
1503,cremini,0,0,0,0,0,0,0,0
1504,chimichurri,0,0,0,0,0,0,0,0
1505,cane vinegar,0,0,0,0,0,0,0,0
1506,gold potatoes,0,0,0,0,0,0,0,0
1507,apricot nectar,0,0,0,0,0,0,1,0
1508,sherry,0,0,0,0,0,0,0,0
1509,pasta sheets,0,0,0,0,0,0,0,0
1510,arrowroot,0,0,0,0,0,0,0,0
1511,baby arugula,0,0,0,0,0,1,0,0
1512,swiss cheese,0,0,0,0,0,0,0,1
1513,egg bread,0,0,0,0,1,0,0,0
1514,raisin bread,0,0,0,0,0,0,1,0
1515,bocconcini,0,0,0,0,0,0,0,0
1516,ginger beer,0,0,0,0,0,1,1,0
1517,green beans,0,0,0,0,0,1,0,0
1518,asian chili sauce,0,0,0,0,0,0,0,0
1519,pecorino romano,0,0,0,0,0,0,0,0
1520,pheasant,0,1,0,0,0,0,0,0
1521,mango nectar,0,0,0,0,0,0,1,0
1522,brewed espresso,0,0,0,0,0,0,0,0
1523,swiss,0,0,0,0,0,0,0,0
1524,ginger ale,0,0,0,0,0,1,1,0
1525,salted butter,0,0,0,0,0,0,0,0
1526,cointreau liqueur,0,0,0,0,0,0,0,0
1527,green peas,0,0,0,0,0,1,0,0
1528,wasabi paste,0,0,0,0,0,0,0,0
1529,black truffle oil,0,0,0,0,0,0,0,0
1530,carrot,0,0,0,0,0,1,0,0
1531,espresso,0,0,0,0,0,0,0,0
1532,aloe juice,0,0,0,0,0,0,0,0
1533,poire williams,0,0,0,0,0,0,0,0
1534,madeleine,0,0,0,0,0,0,0,0
1535,flax seeds,0,0,0,0,0,0,0,0
1536,mirin,0,0,0,0,0,0,0,0
1537,candied citron peel,0,0,0,0,0,0,1,0
1538,candy bar,0,0,0,0,0,0,0,0
1539,baking spray,0,0,0,0,0,0,0,0
1540,banana,0,0,0,0,0,0,1,0
1541,serrano chilies,0,0,0,0,0,0,0,0
1542,needle,0,0,0,0,0,0,0,0
1543,red bell pepper,0,0,0,0,0,1,0,0
1544,bragg liquid aminos,0,0,0,0,0,0,0,0
1545,cake mix,0,0,0,0,0,0,0,0
1546,orange,0,0,0,0,0,0,0,0
1547,shortbread cookies,0,0,0,0,0,0,0,0
1548,gemelli,0,0,0,0,0,0,0,0
1549,rock sugar,0,0,0,0,0,0,0,0
1550,peach preserves,0,0,0,0,0,0,1,0
1551,sweet mustard,0,0,0,0,0,0,0,0
1552,pinto beans,0,0,0,0,0,1,0,0
1553,rice,0,0,0,0,0,0,0,0
1554,compote,0,0,0,0,0,0,0,0
1555,longaniza,0,0,0,0,0,0,0,0
1556,toasted almonds,0,0,0,0,0,0,0,0
1557,buffalo,0,0,0,0,0,0,0,0
1558,stilton cheese,0,0,0,0,0,0,0,1
1559,lamb racks,1,0,0,0,0,0,0,0
1560,biscuit mix,0,0,0,0,0,0,0,0
1561,trout,0,0,1,0,0,0,0,0
1562,ahi,0,0,0,0,0,0,0,0
1563,sherry wine,0,0,0,0,0,0,0,0
1564,toasted pecans,0,0,0,0,0,0,0,0
1565,taco sauce,0,0,0,0,0,0,0,0
1566,zucchini blossoms,0,0,0,0,0,1,0,0
1567,pie crust,0,0,0,0,0,0,0,0
1568,caster sugar,0,0,0,0,0,0,0,0
1569,flaked coconut,0,0,0,0,0,0,1,0
1570,microgreens,0,0,0,0,0,0,0,0
1571,vanilla ice cream,0,0,0,0,0,0,0,0
1572,smoked haddock,0,0,1,0,0,0,0,0
1573,bread butter pickles,0,0,0,0,0,0,0,0
1574,coarse semolina,0,0,0,0,0,0,0,0
1575,oil,0,0,0,0,0,0,0,0
1576,string cheese,0,0,0,0,0,0,0,1
1577,bonito,0,0,0,0,0,0,0,0
1578,asian sweet chili sauce,0,0,0,0,0,0,0,0
1579,chilled seltzer,0,0,0,0,0,0,0,0
1580,chambord liqueur,0,0,0,0,0,0,0,0
1581,salted pistachios,0,0,0,0,0,0,0,0
1582,sherry vinegar,0,0,0,0,0,0,0,0
1583,chili powder,0,0,0,0,0,0,0,0
1584,celery,0,0,0,0,0,1,0,0
1585,soy milk,0,0,0,0,0,0,0,0
1586,squid tube,0,0,0,1,0,0,0,0
1587,asparagus tips,0,0,0,0,0,1,0,0
1588,saba,0,0,0,0,0,0,0,0
1589,apple juice,0,0,0,0,0,0,1,0
1590,endive,0,0,0,0,0,1,0,0
1591,cuminseed,0,0,0,0,0,0,0,0
1592,winesap,0,0,0,0,0,0,0,0
1593,beef rib roast,1,0,0,0,0,0,0,0
1594,teriyaki sauce,0,0,0,0,0,0,0,0
1595,caviar,0,0,1,0,0,0,0,0
1596,shrimp stock,0,0,0,1,0,0,0,0
1597,sausage meat,1,0,0,0,0,0,0,0
1598,vermouth,0,0,0,0,0,0,0,0
1599,saffron,0,0,0,0,0,0,0,0
1600,caramel topping,0,0,0,0,0,0,0,0
1601,lager,0,0,0,0,0,0,0,0
1602,sweet potato starch,0,0,0,0,0,1,0,0
1603,rib,0,0,0,0,0,0,0,0
1604,walnut oil,0,0,0,0,0,0,0,0
1605,grape leaves,0,0,0,0,0,0,0,0
1606,fresno chiles,0,0,0,0,0,1,0,0
1607,pita pockets,0,0,0,0,0,0,0,0
1608,cardamom seeds,0,0,0,0,0,0,0,0
1609,malt syrup,0,0,0,0,0,0,0,0
1610,condiment,0,0,0,0,0,0,0,0
1611,almond filling,0,0,0,0,0,0,0,0
1612,green pesto,0,0,0,0,0,0,0,0
1613,coconut cream,0,0,0,0,0,0,1,0
1614,flaxseed,0,0,0,0,0,0,0,0
1615,madeira wine,0,0,0,0,0,0,0,0
1616,sherbet,0,0,0,0,0,0,0,0
1617,beer,0,0,0,0,0,0,0,0
1618,madras curry powder,0,0,0,0,0,0,0,0
1619,spring onions,0,0,0,0,0,0,0,0
1620,mascarpone,0,0,0,0,0,0,0,1
1621,cajun seasoning,0,0,0,0,0,0,0,0
1622,allspice berries,0,0,0,0,0,0,1,0
1623,dried rice noodles,0,0,0,0,0,0,0,0
1624,manzanilla olives,0,0,0,0,0,0,0,0
1625,cake,0,0,0,0,0,0,0,0
1626,dried chickpeas,0,0,0,0,0,0,0,0
1627,spray,0,0,0,0,0,0,0,0
1628,icing,0,0,0,0,0,0,0,0
1629,hot dog bun,0,0,0,0,0,0,0,0
1630,chocolate syrup,0,0,0,0,0,0,0,0
1631,sweet wine,0,0,0,0,0,0,0,0
1632,cayenne pepper sauce,0,0,0,0,0,1,0,0
1633,dried basil,0,0,0,0,0,0,0,0
1634,sausage links,0,0,0,0,0,0,0,0
1635,havarti,0,0,0,0,0,0,0,0
1636,brown butter,0,0,0,0,0,0,0,0
1637,jam,0,0,0,0,0,0,0,0
1638,raspberry vinegar,0,0,0,0,0,0,1,0
1639,beef stock,1,0,0,0,0,0,0,0
1640,dry sherry,0,0,0,0,0,0,0,0
1641,creme,0,0,0,0,0,0,0,0
1642,lamb leg,1,0,0,0,0,0,0,0
1643,lemon verbena,0,0,0,0,0,0,1,0
1644,pappadams,0,0,0,0,0,0,0,0
1645,cooked turkey,1,1,0,0,0,0,0,0
1646,liquid smoke,0,0,0,0,0,0,0,0
1647,fusilli,0,0,0,0,0,0,0,0
1648,jerk season,0,0,0,0,0,0,0,0
1649,pork cutlets,1,0,0,0,0,0,0,0
1650,seedless watermelon,0,0,0,0,0,0,0,0
1651,branzino,0,0,0,0,0,0,0,0
1652,pepper jack cheese,0,0,0,0,0,1,0,1
1653,cherry preserves,0,0,0,0,0,0,1,0
1654,rice noodles,0,0,0,0,0,0,0,0
1655,chia seeds,0,0,0,0,0,0,0,0
1656,soft tofu,0,0,0,0,0,0,0,0
1657,chanterelle,0,0,0,0,0,1,0,0
1658,tea,0,0,0,0,0,0,0,0
1659,plum vinegar,0,0,0,0,0,0,1,0
1660,pumpkin pie spice,0,0,0,0,0,1,0,0
1661,cranberry juice,0,0,0,0,0,0,1,0
1662,sweet sherry,0,0,0,0,0,0,0,0
1663,dried pepper,0,0,0,0,0,1,0,0
1664,eau de,0,0,0,0,0,0,0,0
1665,beef round,1,0,0,0,0,0,0,0
1666,melon,0,0,0,0,0,0,0,0
1667,chicken livers,0,1,0,0,0,0,0,0
1668,clementine,0,0,0,0,0,0,1,0
1669,essence,0,0,0,0,0,0,0,0
1670,nonhydrogenated margarine,0,0,0,0,0,0,0,0
1671,pitted prunes,0,0,0,0,0,0,1,0
1672,gorgonzola dolce,0,0,0,0,0,0,0,0
1673,crème de,0,0,0,0,0,0,0,0
1674,apple,0,0,0,0,0,0,1,0
1675,brie,0,0,0,0,0,0,0,0
1676,corn flour,0,0,0,0,0,1,0,0
1677,cornflake crumbs,0,0,0,0,0,0,0,0
1678,stewing beef,1,0,0,0,0,0,0,0
1679,sweet chili sauce,0,0,0,0,0,0,0,0
1680,cauliflower,0,0,0,0,0,1,0,0
1681,cheese sauce,0,0,0,0,0,0,0,1
1682,cornichons,0,0,0,0,0,0,0,0
1683,pasta,0,0,0,0,0,0,0,0
1684,accompaniment,0,0,0,0,0,0,0,0
1685,coconut sugar,0,0,0,0,0,0,1,0
1686,garlic chives,0,0,0,0,0,1,0,0
1687,turkey sausage,1,1,0,0,0,0,0,0
1688,calamari,0,0,0,0,0,0,0,0
1689,orzo pasta,0,0,0,0,0,0,0,0
1690,toasted slivered almonds,0,0,0,0,0,0,0,0
1691,tabasco,0,0,0,0,0,0,0,0
1692,peperoncino,0,0,0,0,0,0,0,0
1693,mahi mahi,0,0,1,0,0,0,0,0
1694,dark molasses,0,0,0,0,0,0,0,0
1695,mesclun,0,0,0,0,0,0,0,0
1696,smoked cheddar,0,0,0,0,0,0,0,0
1697,tomato soup,0,0,0,0,0,1,1,0
1698,wasabi powder,0,0,0,0,0,0,0,0
1699,chocolate bars,0,0,0,0,0,0,0,0
1700,lima beans,0,0,0,0,0,1,0,0
1701,asian rice noodles,0,0,0,0,0,0,0,0
1702,chili beans,0,0,0,0,0,1,0,0
1703,breadcrumb,0,0,0,0,0,0,0,0
1704,smoked salmon,0,0,1,0,0,0,0,0
1705,marmalade,0,0,0,0,0,0,0,0
1706,candied chestnuts,0,0,0,0,0,0,0,0
1707,black peppercorns,0,0,0,0,0,0,0,0
1708,corn muffin,0,0,0,0,0,1,0,0
1709,california avocado,0,0,0,0,0,1,1,0
1710,empanada,0,0,0,0,0,0,0,0
1711,linguini,0,0,0,0,0,0,0,0
1712,seedless raspberry jam,0,0,0,0,0,0,1,0
1713,parmigiano reggiano,0,0,0,0,0,0,0,0
1714,sprite,0,0,0,0,0,0,0,0
1715,muenster cheese,0,0,0,0,0,0,0,1
1716,marnier,0,0,0,0,0,0,0,0
1717,brat,0,0,0,0,0,0,0,0
1718,dried parsley,0,0,0,0,0,1,0,0
1719,watercress leaves,0,0,0,0,0,1,0,0
1720,mint sprigs,0,0,0,0,0,0,0,0
1721,enchilada sauce,0,0,0,0,0,0,0,0
1722,lard,0,0,0,0,0,0,0,0
1723,dandelion,0,0,0,0,0,0,0,0
1724,dry milk powder,0,0,0,0,0,0,0,1
1725,ricard,0,0,0,0,0,0,0,0
1726,smoked kielbasa,0,0,0,0,0,0,0,0
1727,lavender,0,0,0,0,0,0,0,0
1728,anise liqueur,0,0,0,0,0,0,0,0
1729,petits pois,0,0,0,0,0,0,0,0
1730,frozen orange juice concentrate,0,0,0,0,0,0,0,0
1731,vinaigrette dressing,0,0,0,0,0,0,0,0
1732,lemon rind,0,0,0,0,0,0,1,0
1733,shiso leaves,0,0,0,0,0,0,0,0
1734,malt,0,0,0,0,0,0,0,0
1735,thai chile,0,0,0,0,0,0,0,0
1736,stew meat,1,0,0,0,0,0,0,0
1737,starch,0,0,0,0,0,0,0,0
1738,butterscotch chips,0,0,0,0,0,0,0,0
1739,superfine sugar,0,0,0,0,0,0,0,0
1740,pan drippings,0,0,0,0,0,0,0,0
1741,soy glaze,0,0,0,0,0,0,0,0
1742,pork shoulder roast,1,0,0,0,0,0,0,0
1743,chili sauce,0,0,0,0,0,0,0,0
1744,crystallized ginger,0,0,0,0,0,1,1,0
1745,dal,0,0,0,0,0,0,0,0
1746,strained yogurt,0,0,0,0,0,0,0,1
1747,venison roast,1,0,0,0,0,0,0,0
1748,dry wine,0,0,0,0,0,0,0,0
1749,truffle butter,0,0,0,0,0,0,0,0
1750,mango chutney,0,0,0,0,0,0,1,0
1751,sweet cherries,0,0,0,0,0,0,0,0
1752,berry,0,0,0,0,0,0,0,0
1753,root,0,0,0,0,0,0,0,0
1754,honeydew,0,0,0,0,0,0,0,0
1755,lillet,0,0,0,0,0,0,0,0
1756,mixed dried fruit,0,0,0,0,0,0,0,0
1757,duck stock,0,1,0,0,0,0,0,0
1758,bok choy,0,0,0,0,0,0,0,0
1759,peppermint candy,0,0,0,0,0,0,0,0
1760,parmigiano-reggiano,0,0,0,0,0,0,0,0
1761,collard greens,0,0,0,0,0,1,0,0
1762,flank steak,0,0,0,0,0,0,0,0
1763,tenderloin,0,0,0,0,0,0,0,0
1764,umeboshi,0,0,0,0,0,0,0,0
1765,chocolate mousse,0,0,0,0,0,0,0,0
1766,anise,0,0,0,0,0,0,0,0
1767,canned chopped tomatoes,0,0,0,0,0,0,0,0
1768,hoagie rolls,0,0,0,0,0,0,0,0
1769,kasha,0,0,0,0,0,0,0,0
1770,poblano peppers,0,0,0,0,0,0,0,0
1771,tapenade,0,0,0,0,0,0,0,0
1772,elbow macaroni,0,0,0,0,0,0,0,0
1773,crab,0,0,0,0,0,0,0,0
1774,fontina,0,0,0,0,0,0,0,0
1775,asparagus spears,0,0,0,0,0,1,0,0
1776,calamata olives,0,0,0,0,0,0,0,0
1777,ragu,0,0,0,0,0,0,0,0
1778,halloumi cheese,0,0,0,0,0,0,0,1
1779,hair,0,0,0,0,0,0,0,0
1780,lime juice,0,0,0,0,0,0,1,0
1781,glutinous rice flour,0,0,0,0,0,0,0,0
1782,jambon bayonne,0,0,0,0,0,0,0,0
1783,meringue,0,0,0,0,0,0,0,0
1784,gnocchetti sardi,0,0,0,0,0,0,0,0
1785,sausage,0,0,0,0,0,0,0,0
1786,chicken broth,0,1,0,0,0,0,0,0
1787,porcini powder,0,0,0,0,0,1,0,0
1788,sugar substitute,0,0,0,0,0,0,0,0
1789,ditalini,0,0,0,0,0,0,0,0
1790,barilla,0,0,0,0,0,0,0,0
1791,tamari,0,0,0,0,0,0,0,0
1792,kecap manis,0,0,0,0,0,0,0,0
1793,muscovy,0,0,0,0,0,0,0,0
1794,annatto powder,0,0,0,0,0,0,0,0
1795,cognac,0,0,0,0,0,0,0,0
1796,cabbage,0,0,0,0,0,1,0,0
1797,serrano chile,0,0,0,0,0,0,0,0
1798,thai curry paste,0,0,0,0,0,0,0,0
1799,hot sausages,1,0,0,0,0,0,0,0
1800,tongue,0,0,0,0,0,0,0,0
1801,ruby grapefruit,0,0,0,0,0,0,1,0
1802,linguica,0,0,0,0,0,0,0,0
1803,chopped broccoli,0,0,0,0,0,1,0,0
1804,asian pear,0,0,0,0,0,0,1,0
1805,dried shrimp,0,0,0,1,0,0,0,0
1806,iceberg lettuce,0,0,0,0,0,1,0,0
1807,smithfield ham,1,0,0,0,0,0,0,0
1808,mustard powder,0,0,0,0,0,0,0,0
1809,beef roast,1,0,0,0,0,0,0,0
1810,cilantro leaves,0,0,0,0,0,0,0,0
1811,tater tots,0,0,0,0,0,0,0,0
1812,canned tomatoes,0,0,0,0,0,0,0,0
1813,blanched almonds,0,0,0,0,0,0,0,0
1814,pain au levain,0,0,0,0,0,0,0,0
1815,gorgonzola,0,0,0,0,0,0,0,0
1816,dandelion greens,0,0,0,0,0,1,0,0
1817,hot pepper sauce,0,0,0,0,0,1,0,0
1818,winter squash,0,0,0,0,0,1,0,0
1819,muscat,0,0,0,0,0,0,0,0
1820,wild mushrooms,0,0,0,0,0,0,0,0
1821,coconut extract,0,0,0,0,0,0,1,0
1822,chili,0,0,0,0,0,0,0,0
1823,cubed pumpkin,0,0,0,0,0,1,0,0
1824,won ton wrappers,0,0,0,0,0,0,0,0
1825,dried onion,0,0,0,0,0,1,0,0
1826,cipollini onions,0,0,0,0,0,0,0,0
1827,powdered sugar,0,0,0,0,0,0,0,0
1828,raspberry juice,0,0,0,0,0,0,1,0
1829,buckwheat noodles,0,0,0,0,0,0,0,0
1830,rice bran oil,0,0,0,0,0,0,0,0
1831,stock,0,0,0,0,0,0,0,0
1832,white mushrooms,0,0,0,0,0,0,0,0
1833,poblano chiles,0,0,0,0,0,0,0,0
1834,fruit juice,0,0,0,0,0,0,0,0
1835,asafetida,0,0,0,0,0,0,0,0
1836,cilantro root,0,0,0,0,0,0,0,0
1837,sweet paprika,0,0,0,0,0,0,0,0
1838,asafoetida powder,0,0,0,0,0,0,0,0
1839,aged manchego cheese,0,0,0,0,0,0,0,1
1840,cornmeal,0,0,0,0,0,0,0,0
1841,beef sausage,1,0,0,0,0,0,0,0
1842,carambola,0,0,0,0,0,0,0,0
1843,melon liqueur,0,0,0,0,0,0,0,0
1844,roast turkey,1,1,0,0,0,0,0,0
1845,dumpling,0,0,0,0,0,0,0,0
1846,black tea,0,0,0,0,0,0,0,0
1847,scotch bonnet chile,0,0,0,0,0,0,0,0
1848,kiwi,0,0,0,0,0,0,1,0
1849,candied pineapple,0,0,0,0,0,0,1,0
1850,octopus,0,0,0,1,0,0,0,0
1851,yeast,0,0,0,0,0,0,0,0
1852,teriyaki marinade,0,0,0,0,0,0,0,0
1853,smoked gouda,0,0,0,0,0,0,0,0
1854,haddock,0,0,1,0,0,0,0,0
1855,ice water,0,0,0,0,0,0,0,0
1856,chinese,0,0,0,0,0,0,0,0
1857,vinaigrette,0,0,0,0,0,0,0,0
1858,boysenberry,0,0,0,0,0,0,1,0
1859,breakfast sausage links,0,0,0,0,0,0,0,0
1860,grenadine syrup,0,0,0,0,0,0,0,0
1861,sweet paste,0,0,0,0,0,0,0,0
1862,coconut chips,0,0,0,0,0,0,1,0
1863,vanilla bean ice cream,0,0,0,0,0,0,0,0
1864,dried chives,0,0,0,0,0,0,0,0
1865,scallion,0,0,0,0,0,0,0,0
1866,marjoram leaves,0,0,0,0,0,0,0,0
1867,chocolate truffle,0,0,0,0,0,0,0,0
1868,roast,0,0,0,0,0,0,0,0
1869,broccoli,0,0,0,0,0,1,0,0
1870,gherkin,0,0,0,0,0,1,0,0
1871,maple syrup,0,0,0,0,0,0,0,0
1872,smoked pork neck bones,1,0,0,0,0,0,0,0
1873,waffle,0,0,0,0,0,0,0,0
1874,rice powder,0,0,0,0,0,0,0,0
1875,tilapia,0,0,1,0,0,0,0,0
1876,amaretto liqueur,0,0,0,0,0,0,0,0
1877,green tea,0,0,0,0,0,0,0,0
1878,black sea bass,0,0,1,0,0,0,0,0
1879,havarti cheese,0,0,0,0,0,0,0,1
1880,corn bread,0,0,0,0,0,1,0,0
1881,picholine olives,0,0,0,0,0,0,0,0
1882,dough,0,0,0,0,0,0,0,0
1883,green leaf lettuce,0,0,0,0,0,1,0,0
1884,reposado,0,0,0,0,0,0,0,0
1885,coffee,0,0,0,0,0,0,0,0
1886,crab boil,0,0,0,0,0,0,0,0
1887,monterey jack cheese,0,0,0,0,0,0,0,1
1888,mixed nuts,0,0,0,0,0,0,0,0
1889,capon,0,0,0,0,0,0,0,0
1890,sourdough,0,0,0,0,0,0,0,0
1891,duck egg,0,1,0,0,1,0,0,0
1892,chinese pea pods,0,0,0,0,0,0,0,0
1893,cake flour,0,0,0,0,0,0,0,0
1894,gravy,0,0,0,0,0,0,0,0
1895,juniper berries,0,0,0,0,0,0,1,0
1896,sweet gherkin,0,0,0,0,0,1,0,0
1897,baby turnips,0,0,0,0,0,0,0,0
1898,nuoc cham,0,0,0,0,0,0,0,0
1899,dark miso,0,0,0,0,0,0,0,0
1900,bay scallops,0,0,0,1,0,0,0,0
1901,bibb lettuce,0,0,0,0,0,1,0,0
1902,banana peppers,0,0,0,0,0,0,1,0
1903,shark steak,0,0,0,0,0,0,0,0
1904,stilton,0,0,0,0,0,0,0,0
1905,mi,0,0,0,0,0,0,0,0
1906,scallion greens,0,0,0,0,0,1,0,0
1907,tvp,0,0,0,0,0,0,0,0
1908,snail shells,0,0,0,1,0,0,0,0
1909,ice,0,0,0,0,0,0,0,0
1910,salmon,0,0,1,0,0,0,0,0
1911,egg,0,0,0,0,1,0,0,0
1912,soy sauce,0,0,0,0,0,0,0,0
1913,sunchoke,0,0,0,0,0,0,0,0
1914,olive,0,0,0,0,0,1,0,0
1915,water spinach,0,0,0,0,0,1,0,0
1916,cherry pie filling,0,0,0,0,0,0,1,0
1917,zucchini,0,0,0,0,0,1,0,0
1918,dried plum,0,0,0,0,0,0,1,0
1919,tarama,0,0,0,0,0,0,0,0
1920,licor,0,0,0,0,0,0,0,0
1921,orange bitters,0,0,0,0,0,0,0,0
1922,plantain,0,0,0,0,0,1,1,0
1923,kitchen bouquet,0,0,0,0,0,0,0,0
1924,sauvignon blanc,0,0,0,0,0,0,0,0
1925,california chile,0,0,0,0,0,0,0,0
1926,hop,0,0,0,0,0,0,0,0
1927,apricot,0,0,0,0,0,0,1,0
1928,sweet soy sauce,0,0,0,0,0,0,0,0
1929,oat,0,0,0,0,0,0,0,0
1930,plum jam,0,0,0,0,0,0,1,0
1931,tuaca,0,0,0,0,0,0,0,0
1932,pepper leaves,0,0,0,0,0,1,0,0
1933,corn oil,0,0,0,0,0,1,0,0
1934,baked pizza crust,0,0,0,0,0,0,0,0
1935,pumpkin,0,0,0,0,0,1,0,0
1936,strawberry syrup,0,0,0,0,0,0,1,0
1937,radicchio leaves,0,0,0,0,0,1,0,0
1938,kohlrabi,0,0,0,0,0,1,0,0
1939,blue cheese dressing,0,0,0,0,0,0,0,1
1940,moonshine,0,0,0,0,0,0,0,0
1941,chipotle puree,0,0,0,0,0,1,0,0
1942,masala,0,0,0,0,0,0,0,0
1943,jalapeno chilies,0,0,0,0,0,1,0,0
1944,pork shoulder butt,1,0,0,0,0,0,0,0
1945,papaya,0,0,0,0,0,0,1,0
1946,black lentil,0,0,0,0,0,0,0,0
1947,flower,0,0,0,0,0,0,0,0
1948,slab bacon,1,0,0,0,0,0,0,0
1949,deveined shrimp,0,0,0,1,0,0,0,0
1950,soy yogurt,0,0,0,0,0,0,0,0
1951,nut,0,0,0,0,0,0,0,0
1952,coulis,0,0,0,0,0,0,0,0
1953,runny honey,0,0,0,0,0,0,0,0
1954,chilled prosecco,0,0,0,0,0,0,0,0
1955,evaporated milk,0,0,0,0,0,0,0,1
1956,sea bream,0,0,0,0,0,0,0,0
1957,val,0,0,0,0,0,0,0,0
1958,anaheim chile,0,0,0,0,0,0,0,0
1959,brewed coffee,0,0,0,0,0,0,0,0
1960,powdered garlic,0,0,0,0,0,1,0,0
1961,tumeric,0,0,0,0,0,0,0,0
1962,cooked brown rice,0,0,0,0,0,0,0,0
1963,arepa flour,0,0,0,0,0,0,0,0
1964,custard dessert mix,0,0,0,0,0,0,0,1
1965,brown lentils,0,0,0,0,0,0,0,0
1966,thyme sprig,0,0,0,0,0,0,0,0
1967,mild salsa,0,0,0,0,0,0,0,0
1968,pita bread rounds,0,0,0,0,0,0,0,0
1969,kochujang,0,0,0,0,0,0,0,0
1970,macadamia nuts,0,0,0,0,0,0,0,0
1971,beet,0,0,0,0,0,1,0,0
1972,maggi,0,0,0,0,0,0,0,0
1973,aspic,0,0,0,0,0,0,0,0
1974,mixed spice,0,0,0,0,0,0,0,0
1975,shao hsing wine,0,0,0,0,0,0,0,0
1976,fennel seeds,0,0,0,0,0,1,0,0
1977,framboise eau-de-vie,0,0,0,0,0,0,0,0
1978,smoked sea salt,0,0,0,0,0,0,0,0
1979,tapioca starch,0,0,0,0,0,0,0,0
1980,pisco,0,0,0,0,0,0,0,0
1981,tequila,0,0,0,0,0,0,0,0
1982,thin pizza crust,0,0,0,0,0,0,0,0
1983,shaoxing wine,0,0,0,0,0,0,0,0
1984,bitter,0,0,0,0,0,0,0,0
1985,dried bonito,0,0,0,0,0,0,0,0
1986,brownie,0,0,0,0,0,0,0,0
1987,parsnip,0,0,0,0,0,1,0,0
1988,tamari soy sauce,0,0,0,0,0,0,0,0
1989,fern,0,0,0,0,0,0,0,0
1990,dry rub,0,0,0,0,0,0,0,0
1991,candied peel,0,0,0,0,0,0,0,0
1992,colby cheese,0,0,0,0,0,0,0,1
1993,mustard greens,0,0,0,0,0,1,0,0
1994,red rice,0,0,0,0,0,0,0,0
1995,dried lavender,0,0,0,0,0,0,0,0
1996,chicken heart,0,1,0,0,0,0,0,0
1997,chicken bouillon granules,0,1,0,0,0,0,0,0
1998,vermicelli,0,0,0,0,0,0,0,0
1999,olive oil spray,0,0,0,0,0,1,0,0
2000,anise seed,0,0,0,0,0,0,0,0
2001,sprout,0,0,0,0,0,0,0,0
2002,sultana,0,0,0,0,0,0,0,0
2003,rouille,0,0,0,0,0,0,0,0
2004,oregano,0,0,0,0,0,0,0,0
2005,lamb,1,0,0,0,0,0,0,0
2006,celery stick,0,0,0,0,0,1,0,0
2007,pea,0,0,0,0,0,0,0,0
2008,castellane,0,0,0,0,0,0,0,0
2009,dinosaur kale,0,0,0,0,0,1,0,0
2010,baked ham,1,0,0,0,0,0,0,0
2011,lettuce,0,0,0,0,0,1,0,0
2012,catfish,0,0,1,0,0,0,0,0
2013,soybean paste,0,0,0,0,0,0,0,0
2014,burger buns,0,0,0,0,0,0,0,0
2015,sugar,0,0,0,0,0,0,0,0
2016,ear,0,0,0,0,0,0,0,0
2017,verjus,0,0,0,0,0,0,0,0
2018,matcha,0,0,0,0,0,0,0,0
2019,russet potatoes,0,0,0,0,0,0,0,0
2020,pitted kalamata olives,0,0,0,0,0,0,0,0
2021,pita bread,0,0,0,0,0,0,0,0
2022,brown rice noodles,0,0,0,0,0,0,0,0
2023,burgundy,0,0,0,0,0,0,0,0
2024,pancetta,0,0,0,0,0,0,0,0
2025,cockle,0,0,0,0,0,0,0,0
2026,crab meat,1,0,0,0,0,0,0,0
2027,rib eye,0,0,0,0,0,0,0,0
2028,tarragon,0,0,0,0,0,0,0,0
2029,ziti,0,0,0,0,0,0,0,0
2030,thai basil,0,0,0,0,0,0,0,0
2031,fennel fronds,0,0,0,0,0,1,0,0
2032,peeled deveined shrimp,0,0,0,1,0,0,0,0
2033,melted butter,0,0,0,0,0,0,0,0
2034,pimenton,0,0,0,0,0,0,0,0
2035,chutney,0,0,0,0,0,0,0,0
2036,stick butter,0,0,0,0,0,0,0,0
2037,anchovy,0,0,1,0,0,0,0,0
2038,scotch whisky,0,0,0,0,0,0,0,0
2039,gnocchi,0,0,0,0,0,0,0,0
2040,noodle,0,0,0,0,0,0,0,0
2041,sea salt,0,0,0,0,0,0,0,0
2042,bean sauce,0,0,0,0,0,0,0,0
2043,seasoned rice wine vinegar,0,0,0,0,0,0,0,0
2044,bread crumbs,0,0,0,0,0,0,0,0
2045,tomato sauce,0,0,0,0,0,1,1,0
2046,fig,0,0,0,0,0,0,1,0
2047,potato gnocchi,0,0,0,0,0,1,0,0
2048,black truffles,0,0,0,0,0,1,0,0
2049,shelled pistachio,0,0,0,0,0,0,0,0
2050,apple schnapps,0,0,0,0,0,0,1,0
2051,hash browns,0,0,0,0,0,0,0,0
2052,sesame oil,0,0,0,0,0,0,0,0
2053,cornbread,0,0,0,0,0,0,0,0
2054,greek yogurt,0,0,0,0,0,0,0,1
2055,flaked,0,0,0,0,0,0,0,0
2056,chard,0,0,0,0,0,0,0,0
2057,head cauliflower,0,0,0,0,0,1,0,0
2058,wild salmon,0,0,1,0,0,0,0,0
2059,semolina flour,0,0,0,0,0,0,0,0
2060,cinnamon sugar,0,0,0,0,0,0,0,0
2061,iceberg,0,0,0,0,0,1,0,0
2062,oil spray,0,0,0,0,0,0,0,0
2063,amaranth,0,0,0,0,0,0,0,0
2064,guajillo chiles,0,0,0,0,0,0,0,0
2065,spaghetti sauce seasoning mix,0,0,0,0,0,0,0,0
2066,beef liver,1,0,0,0,0,0,0,0
2067,quinoa,0,0,0,0,0,0,0,0
2068,pork rib chops,1,0,0,0,0,0,0,0
2069,manicotti,0,0,0,0,0,0,0,0
2070,orange juice,0,0,0,0,0,0,0,0
2071,challa,0,0,0,0,0,0,0,0
2072,pie shell,0,0,0,0,0,0,0,0
2073,za'atar,0,0,0,0,0,0,0,0
2074,prosciutto,1,0,0,0,0,0,0,0
2075,pound cake,0,0,0,0,0,0,0,0
2076,dried wood ear mushrooms,0,0,0,0,0,0,0,0
2077,hot sauce,0,0,0,0,0,0,0,0
2078,vanilla sugar,0,0,0,0,0,0,0,0
2079,tomatillo salsa,0,0,0,0,0,1,0,0
2080,torpedo rolls,0,0,0,0,0,0,0,0
2081,clove,0,0,0,0,0,0,0,0
2082,turkey carcass,1,1,0,0,0,0,0,0
2083,citrus,0,0,0,0,0,0,0,0
2084,veal rib chops,1,0,0,0,0,0,0,0
2085,cottage cheese,0,0,0,0,0,0,0,1
2086,rice wine,0,0,0,0,0,0,0,0
2087,soup,0,0,0,0,0,0,0,0
2088,kimchi,0,0,0,0,0,0,0,0
2089,apple cider,0,0,0,0,0,0,1,0
2090,shortbread,0,0,0,0,0,0,0,0
2091,chopped tomatoes,0,0,0,0,0,0,0,0
2092,lemon thyme,0,0,0,0,0,0,1,0
2093,jack cheese,0,0,0,0,0,0,0,1
2094,cinnamon sticks,0,0,0,0,0,0,0,0
2095,ajwain,0,0,0,0,0,0,0,0
2096,club soda,0,0,0,0,0,0,0,0
2097,cheddar cheese,0,0,0,0,0,0,0,1
2098,hierba santa,0,0,0,0,0,0,0,0
2099,parmigiano,0,0,0,0,0,0,0,0
2100,chile sauce,0,0,0,0,0,0,0,0
2101,orange juice concentrate,0,0,0,0,0,0,0,0
2102,tortilla wraps,0,0,0,0,0,0,0,0
2103,caper berries,0,0,0,0,0,0,1,0
2104,eggnog,0,0,0,0,0,0,0,0
2105,lumpia wrappers,0,0,0,0,0,0,0,0
2106,dried black beans,0,0,0,0,0,1,0,0
2107,furikake,0,0,0,0,0,0,0,0
2108,marrons,0,0,0,0,0,0,0,0
2109,mint,0,0,0,0,0,0,0,0
2110,cream of coconut,0,0,0,0,0,0,1,0
2111,celery salt,0,0,0,0,0,1,0,0
2112,hot tea,0,0,0,0,0,0,0,0
2113,icing mix,0,0,0,0,0,0,0,0
2114,pita chips,0,0,0,0,0,0,0,0
2115,vanilla custard,0,0,0,0,0,0,0,1
2116,haas avocados,0,0,0,0,0,0,0,0
2117,dried fruit,0,0,0,0,0,0,0,0
2118,miso paste,0,0,0,0,0,0,0,0
2119,serrano,0,0,0,0,0,0,0,0
2120,potato chips,0,0,0,0,0,1,0,0
2121,lime,0,0,0,0,0,0,1,0
2122,green chard,0,0,0,0,0,0,0,0
2123,horseradish,0,0,0,0,0,1,0,0
2124,chive,0,0,0,0,0,0,0,0
2125,thai green curry paste,0,0,0,0,0,0,0,0
2126,caraway,0,0,0,0,0,0,0,0
2127,grana padano,0,0,0,0,0,0,0,0
2128,meat loaf mix,1,0,0,0,0,0,0,0
2129,conch,0,0,0,0,0,0,0,0
2130,brown rice vinegar,0,0,0,0,0,0,0,0
2131,rubbed sage,0,0,0,0,0,0,0,0
2132,watermelon,0,0,0,0,0,0,0,0
2133,kaffir lime,0,0,0,0,0,0,1,0
2134,goat cheese,0,0,0,0,0,0,0,1
2135,gingersnap cookie crumbs,0,0,0,0,0,0,0,0
2136,chile arbol,0,0,0,0,0,0,0,0
2137,tomato ketchup,0,0,0,0,0,1,1,0
2138,chicken soup,0,1,0,0,0,0,0,0
2139,sugar cubes,0,0,0,0,0,0,0,0
2140,gremolata,0,0,0,0,0,0,0,0
2141,stuffing,0,0,0,0,0,0,0,0
2142,converted rice,0,0,0,0,0,0,0,0
2143,chipotle chile pepper,0,0,0,0,0,1,0,0
2144,fenugreek,0,0,0,0,0,0,0,0
2145,pita loaves,0,0,0,0,0,0,0,0
2146,asparagus,0,0,0,0,0,1,0,0
2147,merguez sausage,0,0,0,0,0,0,0,0
2148,green curry paste,0,0,0,0,0,0,0,0
2149,sparerib,0,0,0,0,0,0,0,0
2150,triple sec,0,0,0,0,0,0,0,0
2151,spiced rum,0,0,0,0,0,0,0,0
2152,sangiovese,0,0,0,0,0,0,0,0
2153,saltine,0,0,0,0,0,0,0,0
2154,bread rolls,0,0,0,0,0,0,0,0
2155,hot cherry pepper,0,0,0,0,0,1,1,0
2156,vanilla instant pudding,0,0,0,0,0,0,0,0
2157,asian basil,0,0,0,0,0,0,0,0
2158,fuyu persimmons,0,0,0,0,0,0,0,0
2159,frangelico,0,0,0,0,0,0,0,0
2160,vine leaves,0,0,0,0,0,0,0,0
2161,tamarind pulp,0,0,0,0,0,0,1,0
2162,candy canes,0,0,0,0,0,0,0,0
2163,almond flour,0,0,0,0,0,0,0,0
2164,blue crabs,0,0,0,1,0,0,0,0
2165,cherry,0,0,0,0,0,0,1,0
2166,hibiscus,0,0,0,0,0,0,0,0
2167,crayfish,0,0,0,0,0,0,0,0
2168,espresso beans,0,0,0,0,0,1,0,0
2169,pork,1,0,0,0,0,0,0,0
2170,kimchi juice,0,0,0,0,0,0,0,0
2171,chipotle,0,0,0,0,0,1,0,0
2172,risotto,0,0,0,0,0,0,0,0
2173,baked pita chips,0,0,0,0,0,0,0,0
2174,kraft barbecue sauce,0,0,0,0,0,0,0,0
2175,mostarda,0,0,0,0,0,0,0,0
2176,nutella,0,0,0,0,0,0,0,0
2177,dulce de leche,0,0,0,0,0,0,0,0
2178,puff pastry,0,0,0,0,0,0,0,0
2179,pecorino,0,0,0,0,0,0,0,0
2180,campari,0,0,0,0,0,0,0,0
2181,bittersweet chocolate chips,0,0,0,0,0,0,0,0
2182,pesto sauce,0,0,0,0,0,0,0,0
2183,mesquite seasoning,0,0,0,0,0,0,0,0
2184,bass,0,0,1,0,0,0,0,0
2185,chickpea,0,0,0,0,0,0,0,0
2186,brown ale,0,0,0,0,0,0,0,0
2187,asadero,0,0,0,0,0,0,0,0
2188,cocktail pumpernickel bread,0,0,0,0,0,0,0,0
2189,root beer,0,0,0,0,0,0,0,0
2190,dried cranberries,0,0,0,0,0,0,0,0
2191,tortellini,0,0,0,0,0,0,0,0
2192,smoked bacon,1,0,0,0,0,0,0,0
2193,shrimp shells,0,0,0,1,0,0,0,0
2194,hot chili oil,0,0,0,0,0,0,0,0
2195,baguette,0,0,0,0,0,0,0,0
2196,gluten free all purpose flour,0,0,0,0,0,0,0,0
2197,pressed tofu,0,0,0,0,0,0,0,0
2198,chopped pecans,0,0,0,0,0,0,0,0
2199,herbsaint,0,0,0,0,0,0,0,0
2200,pepitas,0,0,0,0,0,0,0,0
2201,littleneck clams,0,0,0,0,0,0,0,0
2202,unsweetened soymilk,0,0,0,0,0,0,0,0
2203,suckling pig,0,0,0,0,0,0,0,0
2204,orange flower water,0,0,0,0,0,0,0,0
2205,ham,1,0,0,0,0,0,0,0
2206,almond syrup,0,0,0,0,0,0,0,0
2207,cream sauce,0,0,0,0,0,0,0,0
2208,colman's mustard powder,0,0,0,0,0,0,0,0
2209,poblano chilies,0,0,0,0,0,0,0,0
2210,chinkiang vinegar,0,0,0,0,0,0,0,0
2211,ricotta salata cheese,0,0,0,0,0,0,0,1
2212,beaujolais,0,0,0,0,0,0,0,0
2213,emmenthal,0,0,0,0,0,0,0,0
2214,hearts of palm,0,0,0,0,0,0,0,0
2215,pepper sauce,0,0,0,0,0,1,0,0
2216,burger,0,0,0,0,0,0,0,0
2217,porter,0,0,0,0,0,0,0,0
2218,sorghum syrup,0,0,0,0,0,0,0,0
2219,asakusa nori,0,0,0,0,0,1,0,0
2220,limoncello,0,0,0,0,0,0,0,0
2221,aged cheddar,0,0,0,0,0,0,0,0
2222,seafood glaze,0,0,0,0,0,0,0,0
2223,rise yeast,0,0,0,0,0,0,0,0
2224,lobster tails,0,0,0,1,0,0,0,0
2225,lamb shoulder,1,0,0,0,0,0,0,0
2226,biscuit dough,0,0,0,0,0,0,0,0
2227,mini chocolate chips,0,0,0,0,0,0,0,0
2228,slaw,0,0,0,0,0,0,0,0
2229,toasted walnuts,0,0,0,0,0,0,0,0
2230,pancake mix,0,0,0,0,0,0,0,0
2231,ale,0,0,0,0,0,0,0,0
2232,beluga lentil,0,0,0,0,0,0,0,0
2233,chicken cutlets,0,1,0,0,0,0,0,0
2234,green onion bottoms,0,0,0,0,0,1,0,0
2235,curry leaves,0,0,0,0,0,0,0,0
2236,lavender honey,0,0,0,0,0,0,0,0
2237,flour tortillas,0,0,0,0,0,0,0,0
2238,poultry seasoning,0,0,0,0,0,0,0,0
2239,pita rounds,0,0,0,0,0,0,0,0
2240,olive oil mayonnaise,0,0,0,0,0,1,0,0
2241,marcona almonds,0,0,0,0,0,0,0,0
2242,cream of tartar,0,0,0,0,0,0,0,0
2243,cooked quinoa,0,0,0,0,0,0,0,0
2244,mini marshmallows,0,0,0,0,0,0,0,0
2245,muscadet,0,0,0,0,0,0,0,0
2246,bourbon liqueur,0,0,0,0,0,0,0,0
2247,sponge,0,0,0,0,0,0,0,0
2248,white rice vinegar,0,0,0,0,0,0,0,0
2249,garbanzo beans,0,0,0,0,0,1,0,0
2250,cocoa,0,0,0,0,0,0,0,0
2251,kidney,0,0,0,0,0,0,0,0
2252,agave tequila,0,0,0,0,0,0,0,0
2253,vermicelli noodles,0,0,0,0,0,0,0,0
2254,mozzarella balls,0,0,0,0,0,0,0,0
2255,curry sauce,0,0,0,0,0,0,0,0
2256,cola,0,0,0,0,0,0,0,0
2257,poussin,0,0,0,0,0,0,0,0
2258,lime zest,0,0,0,0,0,0,1,0
2259,tangerine juice,0,0,0,0,0,0,1,0
2260,remoulade,0,0,0,0,0,0,0,0
2261,puffed rice,0,0,0,0,0,0,0,0
2262,corn grits,0,0,0,0,0,1,0,0
2263,pancake,0,0,0,0,0,0,0,0
2264,chinese roast pork,1,0,0,0,0,0,0,0
2265,chinese mustard,0,0,0,0,0,0,0,0
2266,cracker crumbs,0,0,0,0,0,0,0,0
2267,farmer cheese,0,0,0,0,0,0,0,1
2268,lime rind,0,0,0,0,0,0,1,0
2269,kale,0,0,0,0,0,1,0,0
2270,piment d'espelette,0,0,0,0,0,0,0,0
2271,chocolate cake mix,0,0,0,0,0,0,0,0
2272,hot sausage,0,0,0,0,0,0,0,0
2273,round steak,0,0,0,0,0,0,0,0
2274,ciabatta,0,0,0,0,0,0,0,0
2275,nectarine,0,0,0,0,0,0,1,0
2276,raspberry,0,0,0,0,0,0,1,0
2277,sweet pickle juice,0,0,0,0,0,0,0,0
2278,nori,0,0,0,0,0,1,0,0
2279,almond oil,0,0,0,0,0,0,0,0
2280,spanish onion,0,0,0,0,0,1,0,0
2281,amber,0,0,0,0,0,0,0,0
2282,toulouse sausage,0,0,0,0,0,0,0,0
2283,mustard seeds,0,0,0,0,0,0,0,0
2284,mini cucumbers,0,0,0,0,0,0,0,0
2285,clotted cream,0,0,0,0,0,0,0,0
2286,artichoke,0,0,0,0,0,1,0,0
2287,ginger syrup,0,0,0,0,0,1,1,0
2288,waxy potatoes,0,0,0,0,0,0,0,0
2289,filet,0,0,0,0,0,0,0,0
2290,pork belly,1,0,0,0,0,0,0,0
2291,cannoli shells,0,0,0,1,0,0,0,0
2292,dry gin,0,0,0,0,0,0,0,0
2293,burdock,0,0,0,0,0,0,0,0
2294,hothouse cucumber,0,0,0,0,0,1,0,0
2295,arugula,0,0,0,0,0,1,0,0
2296,chihuahua cheese,0,0,0,0,0,0,0,1
2297,whip,0,0,0,0,0,0,0,0
2298,soda water,0,0,0,0,0,0,0,0
2299,liqueur,0,0,0,0,0,0,0,0
2300,smoked pork,1,0,0,0,0,0,0,0
2301,corn syrup,0,0,0,0,0,1,0,0
2302,sesame paste,0,0,0,0,0,0,0,0
2303,kalamata olives,0,0,0,0,0,0,0,0
2304,raspberry jam,0,0,0,0,0,0,1,0
2305,shelled shrimp,0,0,0,1,0,0,0,0
2306,strawberry gelatin,0,0,0,0,0,0,1,0
2307,squab,0,0,0,0,0,0,0,0
2308,potato flour,0,0,0,0,0,1,0,0
2309,strawberry ice cream,0,0,0,0,0,0,1,0
2310,tamale,0,0,0,0,0,0,0,0
2311,green bean,0,0,0,0,0,0,0,0
2312,asian dressing,0,0,0,0,0,0,0,0
2313,orecchiette,0,0,0,0,0,0,0,0
2314,annatto seeds,0,0,0,0,0,0,0,0
2315,cheese spread,0,0,0,0,0,0,0,1
2316,quince paste,0,0,0,0,0,0,1,0
2317,graham cracker crumbs,0,0,0,0,0,0,0,0
2318,chinese black mushrooms,0,0,0,0,0,0,0,0
2319,tomate verde,0,0,0,0,0,0,0,0
2320,angostura bitters,0,0,0,0,0,0,0,0
2321,matzo,0,0,0,0,0,0,0,0
2322,onion,0,0,0,0,0,1,0,0
2323,crumb topping,0,0,0,0,0,0,0,0
2324,stock powder,0,0,0,0,0,0,0,0
2325,sweet sour mix,0,0,0,0,0,0,0,0
2326,ghee,0,0,0,0,0,0,0,0
2327,toasted oil,0,0,0,0,0,0,0,0
2328,rotelle,0,0,0,0,0,0,0,0
2329,praline,0,0,0,0,0,0,0,0
2330,chayotes,0,0,0,0,0,0,0,0
2331,taco shells,0,0,0,1,0,0,0,0
2332,raclette,0,0,0,0,0,0,0,0
2333,chinese noodles,0,0,0,0,0,0,0,0
2334,pork tenderloin,1,0,0,0,0,0,0,0
2335,morel,0,0,0,0,0,1,0,0
2336,any,0,0,0,0,0,0,0,0
2337,wheel,0,0,0,0,0,0,0,0
2338,sauterne,0,0,0,0,0,0,0,0
2339,muffin mix,0,0,0,0,0,0,0,0
2340,banana leaves,0,0,0,0,0,0,1,0
2341,sour cream,0,0,0,0,0,0,0,0
2342,collard leaves,0,0,0,0,0,0,0,0
2343,cider vinegar,0,0,0,0,0,0,0,0
2344,pumpkin seeds,0,0,0,0,0,1,0,0
2345,biscotti,0,0,0,0,0,0,0,0
2346,cashew nuts,0,0,0,0,0,0,0,0
2347,baking potatoes,0,0,0,0,0,0,0,0
2348,braeburn apple,0,0,0,0,0,0,1,0
2349,slider buns,0,0,0,0,0,0,0,0
2350,spearmint,0,0,0,0,0,0,0,0
2351,sweet vermouth,0,0,0,0,0,0,0,0
2352,spanish chorizo,0,0,0,0,0,0,0,0
2353,smoked sausage,0,0,0,0,0,0,0,0
2354,shrimp,0,0,0,1,0,0,0,0
2355,canola oil,0,0,0,0,0,0,0,0
2356,tomato jam,0,0,0,0,0,1,1,0
2357,bacon fat,1,0,0,0,0,0,0,0
2358,galangal,0,0,0,0,0,1,0,0
2359,collard,0,0,0,0,0,0,0,0
2360,corn starch,0,0,0,0,0,1,0,0
2361,chile paste,0,0,0,0,0,0,0,0
2362,carnaroli rice,0,0,0,0,0,0,0,0
2363,ricotta,0,0,0,0,0,0,0,0
2364,pistachio,0,0,0,0,0,0,0,0
2365,bottom round,0,0,0,0,0,0,0,0
2366,sticky rice,0,0,0,0,0,0,0,0
2367,marinara sauce,0,0,0,0,0,0,0,0
2368,broccoli rabe,0,0,0,0,0,1,0,0
2369,blackberry,0,0,0,0,0,0,1,0
2370,black bean garlic sauce,0,0,0,0,0,1,0,0
2371,roma tomatoes,0,0,0,0,0,0,0,0
2372,thin rice stick noodles,0,0,0,0,0,0,0,0
2373,rendered bacon fat,1,0,0,0,0,0,0,0
2374,fig jam,0,0,0,0,0,0,1,0
2375,ginger piece,0,0,0,0,0,1,1,0
2376,breadstick,0,0,0,0,0,0,0,0
2377,baking mix,0,0,0,0,0,0,0,0
2378,sesame seed paste,0,0,0,0,0,0,0,0
2379,pizza sauce,0,0,0,0,0,0,0,0
2380,habanero chile,0,0,0,0,0,1,0,0
2381,butternut squash,0,0,0,0,0,1,0,0
2382,rice flour,0,0,0,0,0,0,0,0
2383,no ingredient,0,0,0,0,0,0,0,0
2384,cotija,0,0,0,0,0,0,0,0
2385,vanilla cream,0,0,0,0,0,0,0,0
2386,vanilla pudding,0,0,0,0,0,0,0,0
2387,dried lentils,0,0,0,0,0,0,0,0
2388,dry fettuccine,0,0,0,0,0,0,0,0
2389,chile pepper,0,0,0,0,0,1,0,0
2390,mackerel,0,0,1,0,0,0,0,0
2391,chicken stock,0,1,0,0,0,0,0,0
2392,baking apples,0,0,0,0,0,0,0,0
2393,coconut butter,0,0,0,0,0,0,1,0
2394,pickle relish,0,0,0,0,0,0,0,0
2395,chipotle sauce,0,0,0,0,0,1,0,0
2396,mixed greens,0,0,0,0,0,1,0,0
2397,pie dough,0,0,0,0,0,0,0,0
2398,game hens,0,0,0,0,0,0,0,0
2399,vidalia onion,0,0,0,0,0,1,0,0
2400,black,0,0,0,0,0,0,0,0
2401,quail,0,0,0,0,0,0,0,0
2402,garlic powder,0,0,0,0,0,1,0,0
2403,thin spaghetti,0,0,0,0,0,0,0,0
2404,ladyfinger,0,0,0,0,0,0,0,0
2405,pea pods,0,0,0,0,0,0,0,0
2406,cream,0,0,0,0,0,0,0,0
2407,chickpea flour,0,0,0,0,0,0,0,0
2408,violet,0,0,0,0,0,0,0,0
2409,summer savory,0,0,0,0,0,0,0,0
2410,whipped cream cheese,0,0,0,0,0,0,0,1
2411,lemon extract,0,0,0,0,0,0,1,0
2412,smoked ham,1,0,0,0,0,0,0,0
2413,rock shrimp,0,0,0,1,0,0,0,0
2414,ti leaves,0,0,0,0,0,0,0,0
2415,strawberry,0,0,0,0,0,0,1,0
2416,orange zest,0,0,0,0,0,0,0,0
2417,wax beans,0,0,0,0,0,1,0,0
2418,pot stickers,0,0,0,0,0,0,0,0
2419,shank,0,0,0,0,0,0,0,0
2420,butter,0,0,0,0,0,0,0,0
2421,turkey tenderloins,1,1,0,0,0,0,0,0
2422,round loaf,0,0,0,0,0,0,0,0
2423,mix,0,0,0,0,0,0,0,0
2424,guajillo,0,0,0,0,0,0,0,0
2425,thyme,0,0,0,0,0,0,0,0
2426,tempeh,0,0,0,0,0,0,0,0
2427,california bay leaves,0,0,0,0,0,0,0,0
2428,coffee ice cream,0,0,0,0,0,0,0,0
2429,bison,0,0,0,0,0,0,0,0
2430,coconut aminos,0,0,0,0,0,0,1,0
2431,flatbread,0,0,0,0,0,0,0,0
2432,dried lavender blossoms,0,0,0,0,0,0,0,0
2433,veget,0,0,0,0,0,0,0,0
2434,ciabatta loaf,0,0,0,0,0,0,0,0
2435,pinot noir,0,0,0,0,0,0,0,0
2436,garlic oil,0,0,0,0,0,1,0,0
2437,chicken drumsticks,0,1,0,0,0,0,0,0
2438,pasta sauce,0,0,0,0,0,0,0,0
2439,bean,0,0,0,0,0,0,0,0
2440,dried orange peel,0,0,0,0,0,0,0,0
2441,brown sauce,0,0,0,0,0,0,0,0
2442,cucumber,0,0,0,0,0,1,0,0
2443,tomatoes juice,0,0,0,0,0,0,0,0
2444,spinach,0,0,0,0,0,1,0,0
2445,stevia,0,0,0,0,0,0,0,0
2446,cooked ham,1,0,0,0,0,0,0,0
2447,canned beans,0,0,0,0,0,1,0,0
2448,avocado,0,0,0,0,0,1,1,0
2449,pasta shells,0,0,0,1,0,0,0,0
2450,apple juice concentrate,0,0,0,0,0,0,1,0
2451,sweet relish,0,0,0,0,0,0,0,0
2452,sirloin tip,0,0,0,0,0,0,0,0
2453,wine,0,0,0,0,0,0,0,0
2454,piquillo peppers,0,0,0,0,0,0,0,0
2455,manchego cheese,0,0,0,0,0,0,0,1
2456,fingerling potatoes,0,0,0,0,0,0,0,0
2457,rice vinegar,0,0,0,0,0,0,0,0
2458,dill,0,0,0,0,0,0,0,0
2459,dry yeast,0,0,0,0,0,0,0,0
2460,poi,0,0,0,0,0,0,0,0
2461,spanish paprika,0,0,0,0,0,0,0,0
2462,tahini paste,0,0,0,0,0,0,0,0
2463,chartreuse liqueur,0,0,0,0,0,0,0,0
2464,peach sorbet,0,0,0,0,0,0,1,0
2465,baby eggplants,0,0,0,0,0,0,0,0
2466,eel,0,0,0,1,0,0,0,0
2467,fine granulated sugar,0,0,0,0,0,0,0,0
2468,crust,0,0,0,0,0,0,0,0
2469,garlic sauce,0,0,0,0,0,1,0,0
2470,bagel,0,0,0,0,0,0,0,0
2471,bay leaf,0,0,0,0,0,0,0,0
2472,fryer,0,0,0,0,0,0,0,0
2473,pita wedges,0,0,0,0,0,0,0,0
2474,razor clams,0,0,0,0,0,0,0,0
2475,condensed milk,0,0,0,0,0,0,0,1
2476,sweetener,0,0,0,0,0,0,0,0
2477,food cake,0,0,0,0,0,0,0,0
2478,cava,0,0,0,0,0,0,0,0
2479,herbed goat cheese,0,0,0,0,0,0,0,1
2480,bun,0,0,0,0,0,0,0,0
2481,sweet sausage,0,0,0,0,0,0,0,0
2482,citron,0,0,0,0,0,0,1,0
2483,ceci bean,0,0,0,0,0,0,0,0
2484,shoulder meat,1,0,0,0,0,0,0,0
2485,almond butter,0,0,0,0,0,0,0,0
2486,cooking liquid,0,0,0,0,0,0,0,0
2487,softened butter,0,0,0,0,0,0,0,0
2488,pork sirloin,1,0,0,0,0,0,0,0
2489,parsley leaves,0,0,0,0,0,1,0,0
2490,tarragon leaves,0,0,0,0,0,0,0,0
2491,okra pods,0,0,0,0,0,1,0,0
2492,green tomatoes,0,0,0,0,0,0,0,0
2493,king crab,0,0,0,0,0,0,0,0
2494,coffee liqueur,0,0,0,0,0,0,0,0
2495,chiffonade,0,0,0,0,0,0,0,0
2496,tapioca pearls,0,0,0,0,0,0,0,0
2497,lemon grass,0,0,0,0,0,0,1,0
2498,boursin,0,0,0,0,0,0,0,0
2499,gouda,0,0,0,0,0,0,0,0
2500,gram,0,0,0,0,0,0,0,0
2501,salted cashews,0,0,0,0,0,0,0,0
2502,pickling liquid,0,0,0,0,0,0,0,0
2503,dried chile,0,0,0,0,0,0,0,0
2504,fava beans,0,0,0,0,0,1,0,0
2505,buttercup squash,0,0,0,0,0,1,0,0
2506,sauerkraut juice,0,0,0,0,0,0,0,0
2507,plum wine,0,0,0,0,0,0,1,0
2508,mozzarella,0,0,0,0,0,0,0,0
2509,hand,0,0,0,0,0,0,0,0
2510,rump roast,0,0,0,0,0,0,0,0
2511,liquor,0,0,0,0,0,0,0,0
2512,amber rum,0,0,0,0,0,0,0,0
2513,eye,0,0,0,0,0,0,0,0
2514,baby okra,0,0,0,0,0,1,0,0
2515,shiitake mushrooms,0,0,0,0,0,1,0,0
2516,thread,0,0,0,0,0,0,0,0
2517,sea scallops,0,0,0,1,0,0,0,0
2518,baby greens,0,0,0,0,0,1,0,0
2519,miniature semisweet chocolate chips,0,0,0,0,0,0,0,0
2520,crescent rolls,0,0,0,0,0,0,0,0
2521,white cheese,0,0,0,0,0,0,0,1
2522,chili pepper,0,0,0,0,0,1,0,0
2523,duck leg,0,1,0,0,0,0,0,0
2524,idaho potatoes,0,0,0,0,0,0,0,0
2525,lentil,0,0,0,0,0,0,0,0
2526,cuttlefish,0,0,0,0,0,0,0,0
2527,olive tapenade,0,0,0,0,0,1,0,0
2528,min,0,0,0,0,0,0,0,0
2529,earl grey tea,0,0,0,0,0,0,0,0
2530,ranch salad dressing mix,0,0,0,0,0,0,0,0
2531,fingerling,0,0,0,0,0,0,0,0
2532,basil leaves,0,0,0,0,0,0,0,0
2533,bouquet garni,0,0,0,0,0,0,0,0
2534,gingerroot,0,0,0,0,0,0,0,0
2535,chinese powder,0,0,0,0,0,0,0,0
2536,green onion,0,0,0,0,0,1,0,0
2537,chinese eggplants,0,0,0,0,0,0,0,0
2538,shredded parmesan cheese,0,0,0,0,0,0,0,1
2539,bamboo shoots,0,0,0,0,0,0,0,0
2540,baby artichokes,0,0,0,0,0,0,0,0
2541,egg noodles,0,0,0,0,1,0,0,0
2542,quince,0,0,0,0,0,0,1,0
2543,shiitake,0,0,0,0,0,1,0,0
2544,pappardelle,0,0,0,0,0,0,0,0
2545,pineapple preserves,0,0,0,0,0,0,1,0
2546,lychee,0,0,0,0,0,0,1,0
2547,roquefort,0,0,0,0,0,0,0,0
2548,dried,0,0,0,0,0,0,0,0
2549,habanero hot sauce,0,0,0,0,0,1,0,0
2550,cranberry beans,0,0,0,0,0,1,1,0
2551,mushroom caps,0,0,0,0,0,0,0,0
2552,beef hot dogs,1,0,0,0,0,0,0,0
2553,radicchio,0,0,0,0,0,1,0,0
2554,boar,0,0,0,0,0,0,0,0
2555,pickled onion,0,0,0,0,0,1,0,0
2556,posole,0,0,0,0,0,0,0,0
2557,leek,0,0,0,0,0,0,0,0
2558,mayonaise,0,0,0,0,0,0,0,0
2559,ginger root,0,0,0,0,0,1,1,0
2560,sake,0,0,0,0,0,0,0,0
2561,borage,0,0,0,0,0,0,0,0
2562,chocolate liqueur,0,0,0,0,0,0,0,0
2563,drumstick,0,0,0,0,0,0,0,0
2564,pork butt,1,0,0,0,0,0,0,0
2565,leafy greens,0,0,0,0,0,1,0,0
2566,poblano,0,0,0,0,0,0,0,0
2567,purple potatoes,0,0,0,0,0,0,0,0
2568,fruit cocktail,0,0,0,0,0,0,0,0
2569,toast,0,0,0,0,0,0,0,0
2570,mung bean sprouts,0,0,0,0,0,0,0,0
2571,black walnut,0,0,0,0,0,0,0,0
2572,black rice,0,0,0,0,0,0,0,0
2573,sweet chocolate,0,0,0,0,0,0,0,0
2574,port wine,0,0,0,0,0,0,0,0
2575,chinese plum sauce,0,0,0,0,0,0,1,0
2576,peanut butter chips,0,0,0,0,0,0,0,0
2577,soup mix,0,0,0,0,0,0,0,0
2578,palm oil,0,0,0,0,0,0,0,0
2579,cream liqueur,0,0,0,0,0,0,0,0
2580,soaking liquid,0,0,0,0,0,0,0,0
2581,finger,0,0,0,0,0,0,0,0
2582,strip,0,0,0,0,0,0,0,0
2583,crisp,0,0,0,0,0,0,0,0
2584,grenadine,0,0,0,0,0,0,0,0
2585,pineapple juice concentrate,0,0,0,0,0,0,1,0
2586,ground sichuan pepper,0,0,0,0,0,1,0,0
2587,chambord,0,0,0,0,0,0,0,0
2588,mussel,0,0,0,0,0,0,0,0
2589,pearl barley,0,0,0,0,0,0,0,0
2590,lemon pudding,0,0,0,0,0,0,1,0
2591,skate wing,0,0,0,0,0,0,0,0
2592,capellini,0,0,0,0,0,0,0,0
2593,hot paprika,0,0,0,0,0,0,0,0
2594,jalape,0,0,0,0,0,0,0,0
2595,spelt,0,0,0,0,0,0,0,0
2596,dried sage,0,0,0,0,0,0,0,0
2597,seaweed,0,0,0,0,0,0,0,0
2598,acid,0,0,0,0,0,0,0,0
2599,corn husks,0,0,0,0,0,1,0,0
2600,pork chops inch thick,1,0,0,0,0,0,0,0
2601,butter beans,0,0,0,0,0,1,0,0
2602,buttermilk cornbread,0,0,0,0,0,0,0,0
2603,amba,0,0,0,0,0,0,0,0
2604,cajun seasoning mix,0,0,0,0,0,0,0,0
2605,coconut water,0,0,0,0,0,0,1,0
2606,loin pork chops,1,0,0,0,0,0,0,0
2607,maida flour,0,0,0,0,0,0,0,0
2608,ice cubes,0,0,0,0,0,0,0,0
2609,crema mexicana,0,0,0,0,0,0,0,0
2610,brown rice,0,0,0,0,0,0,0,0
2611,preserve,0,0,0,0,0,0,0,0
2612,hickory smoke,0,0,0,0,0,0,0,0
2613,manioc flour,0,0,0,0,0,0,0,0
2614,wild garlic,0,0,0,0,0,1,0,0
2615,dried mission figs,0,0,0,0,0,0,0,0
2616,stuffing mix,0,0,0,0,0,0,0,0
2617,dumpling wrappers,0,0,0,0,0,0,0,0
2618,toasted nuts,0,0,0,0,0,0,0,0
2619,peppermint,0,0,0,0,0,0,0,0
2620,iodized salt,0,0,0,0,0,0,0,0
2621,sesame seeds,0,0,0,0,0,0,0,0
2622,penne,0,0,0,0,0,0,0,0
2623,kefalotyri,0,0,0,0,0,0,0,0
2624,crumb,0,0,0,0,0,0,0,0
2625,herbes provence,0,0,0,0,0,0,0,0
2626,salted mixed nuts,0,0,0,0,0,0,0,0
2627,dill seed,0,0,0,0,0,0,0,0
2628,cayenne,0,0,0,0,0,0,0,0
2629,bell peppers,0,0,0,0,0,0,0,0
2630,cured chorizo,0,0,0,0,0,0,0,0
2631,bone-in ribs,0,0,0,0,0,0,0,0
2632,mie,0,0,0,0,0,0,0,0
2633,brown rice syrup,0,0,0,0,0,0,0,0
2634,wondra flour,0,0,0,0,0,0,0,0
2635,lentilles du puy,0,0,0,0,0,0,0,0
2636,orange marmalade,0,0,0,0,0,0,0,0
2637,sprig,0,0,0,0,0,0,0,0
